pair_id,conversation_id,turn_index,is_initial_inquiry,customer_tweet_id,brand_tweet_id,customer_author_id,created_at_customer,created_at_brand,customer_message,brand_response,context_before_customer,response_type,has_dm_redirect,has_clarification,has_troubleshooting,has_external_redirect,has_info_explanation,has_acknowledgement,has_link,customer_candidate_intents,customer_primary_intent
pair_855_854,855,0,True,855,854,115887,Tue Oct 31 19:10:51 +0000 2017,Tue Oct 31 19:36:16 +0000 2017,i’m pissed my @115888 shuffle and repeat button just don’t fucking work and i’m getting frustrated,"@115887 Hey! What device, operating system, and Spotify version are you using? We'll see what we can suggest /CB",,Clarification / Request for Info,False,True,False,False,False,False,False,playlist_library_curation,playlist_library_curation
pair_853_852,855,1,False,853,852,115887,Tue Oct 31 19:57:59 +0000 2017,Tue Oct 31 21:04:13 +0000 2017,@SpotifyCares iphone 7+ and i have the most recent update for spotify,"@115887 Thanks. Just to be sure, are you Free or Premium? Also, can you give us more info on what happens when you try using it? /CB","Customer: i’m pissed my @115888 shuffle and repeat button just don’t fucking work and i’m getting frustrated
Brand: @115887 Hey! What device, operating system, and Spotify version are you using? We'll see what we can suggest /CB",Clarification / Request for Info,False,True,False,False,False,False,False,app_technical_device,app_technical_device
pair_850_848,855,2,False,850,848,115887,Tue Oct 31 21:41:37 +0000 2017,Tue Oct 31 22:28:16 +0000 2017,@SpotifyCares Premium &amp; when i️ have it on shuffle it turns off when the song is done and just plays in order and the repeat lights up but doesn’t repeat,@115887 Hmm. Can you try restarting your device by holding the Sleep/Wake + Volume Down buttons for 10 seconds? Keep us posted /LS,"Customer: i’m pissed my @115888 shuffle and repeat button just don’t fucking work and i’m getting frustrated
Brand: @115887 Hey! What device, operating system, and Spotify version are you using? We'll see what we can suggest /CB
Customer: @SpotifyCares iphone 7+ and i have the most recent update for spotify
Brand: @115887 Thanks. Just to be sure, are you Free or Premium? Also, can you give us more info on what happens when you try using it? /CB",Troubleshooting / Actionable,False,True,True,False,False,False,False,"playback_streaming_issue,playlist_library_curation",playlist_library_curation
pair_849_851,855,3,False,849,851,115887,Tue Oct 31 23:36:20 +0000 2017,Tue Oct 31 23:39:03 +0000 2017,@SpotifyCares doesn’t work and i even tried deleting the app,@115887 Could you send us a DM with your account's email address? We'll take a look backstage /CH https://t.co/ldFdZRiNAt,"Customer: i’m pissed my @115888 shuffle and repeat button just don’t fucking work and i’m getting frustrated
Brand: @115887 Hey! What device, operating system, and Spotify version are you using? We'll see what we can suggest /CB
Customer: @SpotifyCares iphone 7+ and i have the most recent update for spotify
Brand: @115887 Thanks. Just to be sure, are you Free or Premium? Also, can you give us more info on what happens when you try using it? /CB
Customer: @SpotifyCares Premium &amp; when i️ have it on shuffle it turns off when the song is done and just plays in order and the repeat lights up but doesn’t repeat
Brand: @115887 Hmm. Can you try restarting your device by holding the Sleep/Wake + Volume Down buttons for 10 seconds? Keep us posted /LS",Redirect / DM,True,True,False,False,False,False,True,,playback_streaming_issue
pair_862_860,862,0,True,862,860,115889,Tue Oct 31 21:43:56 +0000 2017,Tue Oct 31 21:51:22 +0000 2017,@SpotifyCares @115890 Groove Music quits &amp; redirect to Spotify. But the W10M App is a bugfest.. Any further Updates possible?,@115889 Hey there! That doesn't sound good. What's happening exactly? Can you let us know the app version you're using? /PB,,Clarification / Request for Info,False,True,False,False,False,False,False,,other_miscellaneous
pair_858_856,862,1,False,858,856,115889,Tue Oct 31 22:01:30 +0000 2017,Tue Oct 31 22:25:16 +0000 2017,@SpotifyCares 2/2... and there is no way to manage Albums (recently added e.g.) in the App. It's a mess 😲 https://t.co/RlWuqllt8S,"@115889 Got it. It's not possible at the moment, but we'll pass on the the suggestion. Could you try reinstalling the app? /PB","Customer: @SpotifyCares @115890 Groove Music quits &amp; redirect to Spotify. But the W10M App is a bugfest.. Any further Updates possible?
Brand: @115889 Hey there! That doesn't sound good. What's happening exactly? Can you let us know the app version you're using? /PB",Troubleshooting / Actionable,False,True,True,False,True,False,False,,other_miscellaneous
pair_857_859,862,2,False,857,859,115889,Wed Nov 01 07:40:06 +0000 2017,Wed Nov 01 08:30:40 +0000 2017,"@SpotifyCares Yes, multiple times. No changes. I am Premium User an when @115890  send us users to Spotify there should be a bugfree running App 🤨",@115889 Sorry to hear that. The Spotify app on Windows Phone is currently in maintenance mode. More info here: https://t.co/KSq4qse4dE /RS,"Customer: @SpotifyCares @115890 Groove Music quits &amp; redirect to Spotify. But the W10M App is a bugfest.. Any further Updates possible?
Brand: @115889 Hey there! That doesn't sound good. What's happening exactly? Can you let us know the app version you're using? /PB
Customer: @SpotifyCares 2/2... and there is no way to manage Albums (recently added e.g.) in the App. It's a mess 😲 https://t.co/RlWuqllt8S
Brand: @115889 Got it. It's not possible at the moment, but we'll pass on the the suggestion. Could you try reinstalling the app? /PB",Information / Explanation,False,False,False,False,True,False,True,,other_miscellaneous
pair_866_865,866,0,True,866,865,115891,Tue Oct 31 22:14:42 +0000 2017,Tue Oct 31 22:17:55 +0000 2017,is there a way to find non-explicit songs that are explicit @SpotifyCares,"@115891 Hey Mikey! We're afraid there's no way to filter or search that way, but we'll pass that suggestion on to the relevant folks /GS",,Other / Miscellaneous,False,False,False,False,False,False,False,,other_miscellaneous
pair_864_863,866,1,False,864,863,115891,Tue Oct 31 22:22:05 +0000 2017,Tue Oct 31 22:25:07 +0000 2017,@SpotifyCares ok thx,"@115891 No worries. If you have other questions, just give us a shout 😉 /GS","Customer: is there a way to find non-explicit songs that are explicit @SpotifyCares
Brand: @115891 Hey Mikey! We're afraid there's no way to filter or search that way, but we'll pass that suggestion on to the relevant folks /GS",Generic Acknowledgement,False,False,False,False,False,True,False,,unclear_insufficient_context
pair_1875_1874,1875,0,True,1875,1874,116128,Tue Oct 31 22:24:54 +0000 2017,Tue Oct 31 22:32:21 +0000 2017,Why are my devices not doing the cool thing when I play the #StrangerThings albums on @115888? 😭,@116128 Hey Jacklynn! The cavalry's here. Could you tell us the device/OS you're using? We'll see what we can suggest /KB,,Clarification / Request for Info,False,True,False,False,False,False,False,,unclear_insufficient_context
pair_1869_1867,1875,1,False,1869,1867,116128,Tue Oct 31 22:33:55 +0000 2017,Tue Oct 31 22:42:29 +0000 2017,"@SpotifyCares using a MacBook Pro with OS X El Capitan and the latest Spotify update, and an iPhone 6S with the latest software/Spotify updates!","@116128 Got it! Could you try streaming one of our 15 Stranger Things playlists, then switch to the Now Playing screen? /KB","Customer: Why are my devices not doing the cool thing when I play the #StrangerThings albums on @115888? 😭
Brand: @116128 Hey Jacklynn! The cavalry's here. Could you tell us the device/OS you're using? We'll see what we can suggest /KB",Clarification / Request for Info,False,True,False,False,False,False,False,app_technical_device,app_technical_device
pair_1870_1871,1875,2,False,1870,1871,116128,Tue Oct 31 22:45:10 +0000 2017,Tue Oct 31 22:47:05 +0000 2017,"@SpotifyCares Desktop app still not working, but I got to see the cool thing (Easter egg) so I’m ecstatic! 😊😊","@116128 Hmm, let's see. Could you confirm the exact Spotify version of your desktop app? /KB","Customer: Why are my devices not doing the cool thing when I play the #StrangerThings albums on @115888? 😭
Brand: @116128 Hey Jacklynn! The cavalry's here. Could you tell us the device/OS you're using? We'll see what we can suggest /KB
Customer: @SpotifyCares using a MacBook Pro with OS X El Capitan and the latest Spotify update, and an iPhone 6S with the latest software/Spotify updates!
Brand: @116128 Got it! Could you try streaming one of our 15 Stranger Things playlists, then switch to the Now Playing screen? /KB
Customer: @SpotifyCares I tried it on web browser and it worked! 😊",Clarification / Request for Info,False,True,False,False,False,False,False,app_technical_device,app_technical_device
pair_1872_1873,1875,3,False,1872,1873,116128,Tue Oct 31 22:48:33 +0000 2017,Tue Oct 31 22:53:34 +0000 2017,@SpotifyCares 1.0.65.320.gac7a8e02,"@116128 Thanks! It's not ideal, but a clean reinstall of the app should help out: https://t.co/EqisDMwZAT. Let us know how it plays out /KB","Customer: Why are my devices not doing the cool thing when I play the #StrangerThings albums on @115888? 😭
Brand: @116128 Hey Jacklynn! The cavalry's here. Could you tell us the device/OS you're using? We'll see what we can suggest /KB
Customer: @SpotifyCares using a MacBook Pro with OS X El Capitan and the latest Spotify update, and an iPhone 6S with the latest software/Spotify updates!
Brand: @116128 Got it! Could you try streaming one of our 15 Stranger Things playlists, then switch to the Now Playing screen? /KB
Customer: @SpotifyCares I tried it on web browser and it worked! 😊
Customer: @SpotifyCares Desktop app still not working, but I got to see the cool thing (Easter egg) so I’m ecstatic! 😊😊
Brand: @116128 Hmm, let's see. Could you confirm the exact Spotify version of your desktop app? /KB",Troubleshooting / Actionable,False,False,True,False,False,False,True,,playback_streaming_issue
pair_1878_1876,1878,0,True,1878,1876,116129,Tue Oct 31 21:54:36 +0000 2017,Tue Oct 31 22:33:32 +0000 2017,"@116130 why are Nena's releases between 2002 and 2012 all missing, yet everything else from 1982 - 2017 is there? #sadness #emptyplaylist",@116129 Hi Liam! Could you let us know the tracks/albums you're looking for? We'll take a look /RH,,Clarification / Request for Info,False,True,False,False,False,False,False,,unclear_insufficient_context
pair_1877_1879,1878,1,False,1877,1879,116129,Tue Oct 31 23:08:08 +0000 2017,Tue Oct 31 23:27:02 +0000 2017,"@SpotifyCares Made In Germany, Du Bist Gut, Cover Me and 20 Jahre (this one mostly). Because these are missing, a few compilations have greyed out tracks","@116129 2: Spotify content here: https://t.co/0i8GpimuDa. If you have anything else in mind, we're just a tweet away /RH","Customer: @116130 why are Nena's releases between 2002 and 2012 all missing, yet everything else from 1982 - 2017 is there? #sadness #emptyplaylist
Brand: @116129 Hi Liam! Could you let us know the tracks/albums you're looking for? We'll take a look /RH",Generic Acknowledgement,False,False,False,False,False,True,True,content_catalog_licensing,content_catalog_licensing
pair_1877_1880,1878,2,False,1877,1880,116129,Tue Oct 31 23:08:08 +0000 2017,Tue Oct 31 23:26:54 +0000 2017,"@SpotifyCares Made In Germany, Du Bist Gut, Cover Me and 20 Jahre (this one mostly). Because these are missing, a few compilations have greyed out tracks","@116129 1: Thanks! Looks like those albums are currently unavailable. Fingers crossed we'll be able to have them soon, but there's info about...","Customer: @116130 why are Nena's releases between 2002 and 2012 all missing, yet everything else from 1982 - 2017 is there? #sadness #emptyplaylist
Brand: @116129 Hi Liam! Could you let us know the tracks/albums you're looking for? We'll take a look /RH",Information / Explanation,False,False,False,False,True,False,False,content_catalog_licensing,content_catalog_licensing
pair_2799_2798,2800,0,False,2799,2798,116374,Sat Nov 25 15:59:09 +0000 2017,Sun Nov 26 00:27:36 +0000 2017,@115888 In other news should probs upgrade from shitty 12GB package,"@116374 Hey Katie, thanks for the feedback – we appreciate it! We’ll get this passed onto the right team 💚 /CG",Customer: 😩 @115888 you take up too much storage even with zero playlists downloaded for offline listening. Need to reduce or make a compact version. Spotify Lite? You can thank me later 😉,Other / Miscellaneous,False,False,False,False,False,False,False,,offline_downloads_issue
pair_2804_2803,2804,0,True,2804,2803,116375,Sat Nov 25 03:07:20 +0000 2017,Sat Nov 25 06:54:29 +0000 2017,"So @115888 @3493 @SpotifyCares: three days later you’re still advertising a sale to me for which I’m geographically  ineligible, this time on Facebook. You know you can choose where you want your ads to display on FB, don’t you? https://t.co/AHEZ1EtC57","@116375 Hey there! Just to clarify, which part of Canada are currently living in? /MT",,Clarification / Request for Info,False,True,False,False,False,False,False,,other_miscellaneous
pair_2802_2801,2804,1,False,2802,2801,116375,Sat Nov 25 15:35:50 +0000 2017,Sun Nov 26 00:27:25 +0000 2017,"@SpotifyCares Montreal, where the ad itself says I’m not allowed to get the deal.

We had another tweet exchange a few days ago when you emailed me the same offer.",@116375 Sorry about that. You shouldn’t have received an email/notification if you’re not eligible. Can you DM us your account's email address or username? /NQ https://t.co/ldFdZRiNAt,"Customer: So @115888 @3493 @SpotifyCares: three days later you’re still advertising a sale to me for which I’m geographically  ineligible, this time on Facebook. You know you can choose where you want your ads to display on FB, don’t you? https://t.co/AHEZ1EtC57
Brand: @116375 Hey there! Just to clarify, which part of Canada are currently living in? /MT",Redirect / DM,True,True,False,False,False,False,True,,other_miscellaneous
pair_2807_2805,2807,0,True,2807,2805,116376,Sat Nov 25 15:13:38 +0000 2017,Sun Nov 26 00:27:01 +0000 2017,@SpotifyCares https://t.co/RLvNj5Ifow - you having a party without me?,"@116376 Hey Tom! Not to worry, we're more than happy to bring the party to your place. Would you mind sending this invite out to everyone you know? https://t.co/LwyCWf8WKC 🎉 /TB",,Other / Miscellaneous,False,False,False,False,False,False,True,,other_miscellaneous
pair_2809_2808,2809,0,True,2809,2808,116377,Sat Nov 25 15:48:22 +0000 2017,Sun Nov 26 00:23:18 +0000 2017,.@SpotifyCares any way to block this particular ad? Happy with ads/dont want premium. Just this ad is really hard to watch over and over and over. Please help. https://t.co/MsW8FjmKw1,@116377 Hey there! Thanks for taking the time to reach out – we'll pass your feedback on to our Ads team /NQ,,Information / Explanation,False,False,False,False,True,False,False,,unclear_insufficient_context
pair_2811_2810,2812,0,False,2811,2810,116378,Sat Nov 25 15:55:43 +0000 2017,Sun Nov 26 00:20:35 +0000 2017,@115888 Im already a premium user can i still avail this promo?,"@116378 Hey there, help's here! Could you DM us your account's email address and username? We'll take a look backstage /CG https://t.co/ldFdZRiNAt",Customer: Unli skips. Unli fun. 3 months of Premium for ₱9. https://t.co/Q2YbLhp7U6,Redirect / DM,True,True,False,False,False,False,True,,playback_streaming_issue
pair_2813_129763,2812,1,False,2813,129763,145257,Fri Nov 24 03:13:13 +0000 2017,Fri Nov 24 05:59:52 +0000 2017,@115888 Its not functioning,"@145257 Hey there! What's happening exactly? Also, can you let us know what device, operating system, and Spotify version you're using? We'll see what we can suggest /NS",Customer: Unli skips. Unli fun. 3 months of Premium for ₱9. https://t.co/Q2YbLhp7U6,Clarification / Request for Info,False,True,False,False,False,False,False,,playback_streaming_issue
pair_2814_142984,2812,2,False,2814,142984,148280,Fri Nov 24 08:56:47 +0000 2017,Fri Nov 24 13:13:12 +0000 2017,@115888 Paano po?,@148280 Hi there! Can you let us know your account's email address via DM? We'll see what we can suggest /NY https://t.co/ldFdZRiNAt,Customer: Unli skips. Unli fun. 3 months of Premium for ₱9. https://t.co/Q2YbLhp7U6,Redirect / DM,True,True,False,False,False,False,True,,playback_streaming_issue
pair_2815_149335,2812,3,False,2815,149335,150025,Fri Nov 24 11:00:43 +0000 2017,Fri Nov 24 15:09:21 +0000 2017,@115888 I thought it’s Php9 for 3 mos? Why is it charging me 129?,@150025 Hey Jamie! Could you send us your account's username or email address via DM? We'll take a look backstage /LP https://t.co/ldFdZRiNAt,Customer: Unli skips. Unli fun. 3 months of Premium for ₱9. https://t.co/Q2YbLhp7U6,Redirect / DM,True,True,False,False,False,False,True,billing_subscription_payment,billing_subscription_payment
pair_2816_177413,2812,4,False,2816,177413,157772,Sat Nov 25 00:15:48 +0000 2017,Sat Nov 25 01:13:11 +0000 2017,"@115888 Oh no! It says P9, and I have P36 load, yet it says ""insufficient"" 🙁",@157772 Hey Amor! Help's here. Can you DM us your account's email address? We'll take a look backstage /RA https://t.co/ldFdZRiNAt,Customer: Unli skips. Unli fun. 3 months of Premium for ₱9. https://t.co/Q2YbLhp7U6,Redirect / DM,True,True,False,False,False,False,True,,playback_streaming_issue
pair_2817_663081,2812,5,False,2817,663081,277999,Sat Nov 25 03:30:35 +0000 2017,Sat Nov 25 07:13:49 +0000 2017,"@115888 Why am i being charged of 129.00 pesos for premium. It says, 3 months for 9.00 pesos only? @SpotifyCares I haven't tried premium before, it's my first time to upgrade premium😠😳",@277999 Hey Raine! We've responded to your DM. Let's continue the conversation there /DN,Customer: Unli skips. Unli fun. 3 months of Premium for ₱9. https://t.co/Q2YbLhp7U6,Other / Miscellaneous,False,False,False,False,False,False,False,billing_subscription_payment,billing_subscription_payment
pair_2818_620420,2812,6,False,2818,620420,267255,Wed Nov 22 14:47:30 +0000 2017,Wed Nov 22 17:07:54 +0000 2017,@115888 WHY AM I NOT ELIGIBLE FOR THIS PROMO OMG,"@267255 Hey, help's here! Could you send us a DM with your account's email address or username? We'll take a look backstage /CO https://t.co/ldFdZRiNAt",Customer: Unli skips. Unli fun. 3 months of Premium for ₱9. https://t.co/Q2YbLhp7U6,Redirect / DM,True,True,False,False,False,False,True,,playback_streaming_issue
pair_2819_622997,2812,7,False,2819,622997,267875,Sat Nov 25 03:14:03 +0000 2017,Sat Nov 25 06:52:35 +0000 2017,@115888 I thought its 9php for 3 mos? Why is it charging me 129?,@267875 Hey there! Can you DM us your account's email address? We'll take a look backstage /MG https://t.co/ldFdZRiNAt,Customer: Unli skips. Unli fun. 3 months of Premium for ₱9. https://t.co/Q2YbLhp7U6,Redirect / DM,True,True,False,False,False,False,True,billing_subscription_payment,billing_subscription_payment
pair_2820_661760,2812,8,False,2820,661760,277655,Wed Nov 22 22:13:32 +0000 2017,Thu Nov 23 01:23:16 +0000 2017,@115888 When it comes to Credit card it only cost 9Php how come thru Mobile transaction it cost the regular one? Help please!! https://t.co/VDnIGkLtAG,"@277655 Don't worry, there'll only be an additional charge if you'll be signing up for that offer through your mobile carrier. If you'll be using other payment methods available to you, you won't be charged extra /RH",Customer: Unli skips. Unli fun. 3 months of Premium for ₱9. https://t.co/Q2YbLhp7U6,Other / Miscellaneous,False,False,False,False,False,False,False,billing_subscription_payment,billing_subscription_payment
pair_2820_661769,2812,9,False,2820,661769,277655,Wed Nov 22 22:13:32 +0000 2017,Thu Nov 23 00:36:28 +0000 2017,@115888 When it comes to Credit card it only cost 9Php how come thru Mobile transaction it cost the regular one? Help please!! https://t.co/VDnIGkLtAG,"@277655 Hi Cathleen, help's arrived! When purchasing the offer via mobile, you'll have additional fees. To take advantage of the 3 months for 9 PHP, you'll need to sign up directly through Spotify with a credit/debit card. Let us know how you get on /AV",Customer: Unli skips. Unli fun. 3 months of Premium for ₱9. https://t.co/Q2YbLhp7U6,Other / Miscellaneous,False,False,False,False,False,False,False,billing_subscription_payment,billing_subscription_payment
pair_2821_677078,2812,10,False,2821,677078,281524,Thu Nov 23 05:09:40 +0000 2017,Thu Nov 23 06:26:17 +0000 2017,@115888 Hello kakarenew ko lNgkahapon why sooolate???,@281524 Hey there! We're afraid we don't have Filipino support for now. We hope you don't mind if we reply in English. Can you send us your account's email address or username via DM? We'll take a look backstage /AY https://t.co/ldFdZRiNAt,Customer: Unli skips. Unli fun. 3 months of Premium for ₱9. https://t.co/Q2YbLhp7U6,Redirect / DM,True,True,False,False,False,False,True,,playback_streaming_issue
pair_2822_677093,2812,11,False,2822,677093,281533,Thu Nov 23 04:11:19 +0000 2017,Thu Nov 23 06:14:57 +0000 2017,@115888 Why am I not eligible for the promo?  😢 https://t.co/HnybxtWC0O,@281533 Hey there! Can you DM us your account's email address or username? We'll take a look /NS https://t.co/ldFdZRiNAt,Customer: Unli skips. Unli fun. 3 months of Premium for ₱9. https://t.co/Q2YbLhp7U6,Redirect / DM,True,True,False,False,False,False,True,,playback_streaming_issue
pair_2823_678414,2812,12,False,2823,678414,281863,Thu Nov 23 06:40:13 +0000 2017,Thu Nov 23 07:02:59 +0000 2017,@115888 DMed you @SpotifyCares,@281863 Thanks for clarifying. You can also use your debit card to pay for your subscription. Can you confirm if you're given the option to subscribe to the 3 months for 9 PHP offer? /DR,Customer: Unli skips. Unli fun. 3 months of Premium for ₱9. https://t.co/Q2YbLhp7U6,Clarification / Request for Info,False,True,False,False,False,False,False,,playback_streaming_issue
pair_2824_679999,2812,13,False,2824,679999,282250,Thu Nov 23 06:22:22 +0000 2017,Thu Nov 23 08:05:14 +0000 2017,"@115888 Hi i have existing subscription, can I change it to this promo? Thanks",@282250 Hey Joan! Can you DM us your account's email address? We'll check backstage /GK https://t.co/ldFdZRiNAt,Customer: Unli skips. Unli fun. 3 months of Premium for ₱9. https://t.co/Q2YbLhp7U6,Redirect / DM,True,True,False,False,False,False,True,,playback_streaming_issue
pair_2825_699537,2812,14,False,2825,699537,281525,Thu Nov 23 12:33:22 +0000 2017,Thu Nov 23 15:46:59 +0000 2017,"@115888 Ur caption seems misleading. Put ""for new subscribers only"" .","@281525 Hey there! We don't have any info on this right now, but we'll let the right team know it's something you'd like to see. For anything else, let us know /GU",Customer: Unli skips. Unli fun. 3 months of Premium for ₱9. https://t.co/Q2YbLhp7U6,Other / Miscellaneous,False,False,False,False,False,False,False,,playback_streaming_issue
pair_2826_748098,2812,15,False,2826,748098,298833,Sat Nov 25 04:35:18 +0000 2017,Sat Nov 25 08:47:41 +0000 2017,@115888 How??,"@298833 Hey! Don’t worry, we can help. What’s happening exactly? We'll see what we can suggest /DR",Customer: Unli skips. Unli fun. 3 months of Premium for ₱9. https://t.co/Q2YbLhp7U6,Clarification / Request for Info,False,True,False,False,False,False,False,,playback_streaming_issue
pair_2827_948375,2812,16,False,2827,948375,344907,Sat Nov 25 05:28:35 +0000 2017,Sat Nov 25 10:52:17 +0000 2017,@115888 bat diko maredeem?,@344907 Hey! We've just sent you a bit more info over DM. Hope you don't mind if we replied in English. We'll carry on helping out there /DR,Customer: Unli skips. Unli fun. 3 months of Premium for ₱9. https://t.co/Q2YbLhp7U6,Other / Miscellaneous,False,False,False,False,False,False,False,,playback_streaming_issue
pair_2828_2809941,2812,17,False,2828,2809941,783646,Wed Nov 22 04:41:25 +0000 2017,Wed Nov 22 06:06:40 +0000 2017,@115888 I'm already a Premium user and i haven't paid yet (i skipped 1 month 😂). Can i still join this promo?,@783646 Hey there! Could you send us a DM with your account's email address? We'll take a look backstage /FR https://t.co/ldFdZR1cbT,Customer: Unli skips. Unli fun. 3 months of Premium for ₱9. https://t.co/Q2YbLhp7U6,Redirect / DM,True,True,False,False,False,False,True,billing_subscription_payment,billing_subscription_payment
pair_2829_1190762,2812,18,False,2829,1190762,399875,Sat Nov 25 11:12:59 +0000 2017,Sat Nov 25 19:16:49 +0000 2017,@115888 i thought it’s only for 9 pesos? It’s charging me and my friends 129 pesos when we’re about to pay using our load. i was just able to use this premium using my mom’s credit card,"@399875 Hi there! To get the Intro Offer under your preferred rate, you'll need to use a recurring payment method such as a debit/credit card or PayPal at https://t.co/iOSe5Io3nY. We hope that clears things up /NJ",Customer: Unli skips. Unli fun. 3 months of Premium for ₱9. https://t.co/Q2YbLhp7U6,Other / Miscellaneous,False,False,False,False,False,False,True,billing_subscription_payment,billing_subscription_payment
pair_2830_1190790,2812,19,False,2830,1190790,399886,Sat Nov 25 10:26:46 +0000 2017,Sat Nov 25 19:09:52 +0000 2017,"@115888 Is there something wrong with my spotify? Lol. I tried to register and I have 20 pesos of load. Yet it says ""insufficient"".","@399886 Hi there! To get that promo under your preferred rate, you'll need to use a recurring payment method such as a debit/credit card or PayPal at https://t.co/iOSe5Io3nY. We hope that clears things up /NJ",Customer: Unli skips. Unli fun. 3 months of Premium for ₱9. https://t.co/Q2YbLhp7U6,Other / Miscellaneous,False,False,False,False,False,False,True,,playback_streaming_issue
pair_2831_1490599,2812,20,False,2831,1490599,466179,Sat Nov 25 17:10:58 +0000 2017,Sun Nov 26 02:06:26 +0000 2017,@115888 tsk https://t.co/o68Ytnwh5Y,@466179 Hey there! We've just sent you a bit more info over DM. We'll carry on helping out there /KB,Customer: Unli skips. Unli fun. 3 months of Premium for ₱9. https://t.co/Q2YbLhp7U6,Other / Miscellaneous,False,False,False,False,False,False,False,,playback_streaming_issue
pair_2832_2201024,2812,21,False,2832,2201024,643687,Sun Nov 26 12:48:45 +0000 2017,Sun Nov 26 14:22:21 +0000 2017,@115888 Really? P9 only for three months?,"@643687 Hey! At the moment, the Intro Offer's for users who have never had Premium before. Can you fire over your account's email address via DM? We'll see what we can suggest /RC https://t.co/ldFdZRiNAt",Customer: Unli skips. Unli fun. 3 months of Premium for ₱9. https://t.co/Q2YbLhp7U6,Redirect / DM,True,True,False,False,False,False,True,,playback_streaming_issue
pair_2833_2219838,2812,22,False,2833,2219838,648415,Sun Nov 26 14:05:47 +0000 2017,Sun Nov 26 14:41:10 +0000 2017,@115888 Bakit hindi ako nakaka avail? Palaging try again,"@648415 Hey! We don't offer Filipino support, so we hope you don't mind if we reply in English. Can you let us know what's happening exactly? /RC",Customer: Unli skips. Unli fun. 3 months of Premium for ₱9. https://t.co/Q2YbLhp7U6,Clarification / Request for Info,False,True,False,False,False,False,False,,playback_streaming_issue
pair_2834_2368007,2812,23,False,2834,2368007,683434,Sun Nov 26 07:25:29 +0000 2017,Sun Nov 26 17:16:26 +0000 2017,@115888 How?,"@683434 Hey! If you haven't had a subscription before, you can get the Intro Offer at https://t.co/iOSe5Io3nY. Just make sure to use a recurring payment method such as a debit/credit card or PayPal. We hope that helps 🙂 /NJ",Customer: Unli skips. Unli fun. 3 months of Premium for ₱9. https://t.co/Q2YbLhp7U6,Other / Miscellaneous,False,False,False,False,False,False,True,,playback_streaming_issue
pair_2835_2577793,2812,24,False,2835,2577793,730874,Sun Nov 26 09:09:32 +0000 2017,Sun Nov 26 20:42:43 +0000 2017,@115888 Can i still avail of this even if im not a new user?,@730874 Hey Thom! The offer is only for new users or for existing users who haven't had Premium before. Can you DM us your account's mail address? We'll see what we can suggest /SJ https://t.co/ldFdZRiNAt,Customer: Unli skips. Unli fun. 3 months of Premium for ₱9. https://t.co/Q2YbLhp7U6,Redirect / DM,True,True,False,False,False,False,True,,playback_streaming_issue
pair_2836_2577767,2812,25,False,2836,2577767,730865,Sun Nov 26 19:32:58 +0000 2017,Sun Nov 26 20:55:06 +0000 2017,@115888 How?,"@730865 Hey Trisha! If you've never been on Premium, you can sign up for the deal here: https://t.co/B1W1abMc4b using a recurring payment method like a debit/credit card or PayPal. Hope this helps /CM",Customer: Unli skips. Unli fun. 3 months of Premium for ₱9. https://t.co/Q2YbLhp7U6,Other / Miscellaneous,False,False,False,False,False,False,True,,playback_streaming_issue
pair_2837_2772027,2812,26,False,2837,2772027,774839,Tue Nov 21 11:42:48 +0000 2017,Tue Nov 21 13:52:36 +0000 2017,@115888 Pano kapag nakapostpaid hahha,@774839 Hi there! Can you DM us your account's email address? We'll see what we can suggest /NY https://t.co/ldFdZRiNAt,Customer: Unli skips. Unli fun. 3 months of Premium for ₱9. https://t.co/Q2YbLhp7U6,Redirect / DM,True,True,False,False,False,False,True,,playback_streaming_issue
pair_2838_645123,2812,27,False,2838,645123,273122,Tue Nov 21 13:27:07 +0000 2017,Tue Nov 21 14:51:42 +0000 2017,@115888 How?,"@273122 Hey there! The Intro Offer of ₱9 for 3 months is for those who haven't had Premium before. If you haven't been on a subscription in the past, hea over to https://t.co/WB5TSxRfDe to take this offer 😉 /SY",Customer: Unli skips. Unli fun. 3 months of Premium for ₱9. https://t.co/Q2YbLhp7U6,Other / Miscellaneous,False,False,False,False,False,False,True,,playback_streaming_issue
pair_2839_2774606,2812,28,False,2839,2774606,775433,Tue Nov 21 12:13:26 +0000 2017,Tue Nov 21 14:30:10 +0000 2017,@115888 hOw CAN I PAY WHEN I HAVE NO CREDIT CAR,"@775433 Hi there! We'll help out, don't worry. Can you send over the username or email address on your account? We'll see what we can suggest /GN https://t.co/ldFdZRiNAt",Customer: Unli skips. Unli fun. 3 months of Premium for ₱9. https://t.co/Q2YbLhp7U6,Redirect / DM,True,True,False,False,False,False,True,billing_subscription_payment,billing_subscription_payment
pair_2840_2806775,2812,29,False,2840,2806775,782812,Wed Nov 22 01:58:40 +0000 2017,Wed Nov 22 03:43:06 +0000 2017,@115888 can someone DM me how will I subscribe?,"@782812 Hey, help's here! Could you DM us your username and email address? We'll see what we can suggest /JQ https://t.co/ldFdZR1cbT",Customer: Unli skips. Unli fun. 3 months of Premium for ₱9. https://t.co/Q2YbLhp7U6,Redirect / DM,True,True,False,False,False,False,True,,playback_streaming_issue
pair_2841_2813983,2812,30,False,2841,2813983,784571,Mon Nov 27 01:52:18 +0000 2017,Mon Nov 27 02:12:17 +0000 2017,@115888 Hello! @115888 my premium account downloaded songs keep getting erased every time i  log out!,@784571 Hey Lhuel! Could you send us a DM with your account's email address? We'll take a look backstage /FR https://t.co/ldFdZRiNAt,Customer: Unli skips. Unli fun. 3 months of Premium for ₱9. https://t.co/Q2YbLhp7U6,Redirect / DM,True,True,False,False,False,False,True,"offline_downloads_issue,account_access_credentials",offline_downloads_issue
pair_2842_2820843,2812,31,False,2842,2820843,786206,Mon Nov 27 03:39:08 +0000 2017,Mon Nov 27 06:34:39 +0000 2017,"@115888 Please check my DM, same concern as with others charged for 129.00 instead of 9.00 as promoted.",@786206 Hey! We've just sent you a bit more info over DM. We'll carry on helping out there /NQ,Customer: Unli skips. Unli fun. 3 months of Premium for ₱9. https://t.co/Q2YbLhp7U6,Other / Miscellaneous,False,False,False,False,False,False,False,billing_subscription_payment,billing_subscription_payment
pair_2843_2846497,2812,32,False,2843,2846497,791701,Mon Nov 27 10:41:33 +0000 2017,Mon Nov 27 18:03:20 +0000 2017,"@115888 I have already subscribe to spotify, am I eligible for this?","@791701 Hi there! Right now, that offer's for new subscribers only. Stay tuned for more deals for existing Premium subscribers, though 🙂 /NJ",Customer: Unli skips. Unli fun. 3 months of Premium for ₱9. https://t.co/Q2YbLhp7U6,Other / Miscellaneous,False,False,False,False,False,False,False,,playback_streaming_issue
pair_2844_2848294,2812,33,False,2844,2848294,792129,Mon Nov 27 13:14:53 +0000 2017,Mon Nov 27 18:53:41 +0000 2017,@115888 How,"@792129 Hi Albert! If you haven't had a subscription before, you're eligible for that deal. To get your preferred rate, you'll need to use a recurring payment method such as a debit/credit card or PayPal at https://t.co/iOSe5Io3nY. Let us know how it plays out /NJ",Customer: Unli skips. Unli fun. 3 months of Premium for ₱9. https://t.co/Q2YbLhp7U6,Other / Miscellaneous,False,False,False,False,False,False,True,,playback_streaming_issue
pair_2845_2864070,2812,34,False,2845,2864070,795553,Mon Nov 27 21:03:09 +0000 2017,Mon Nov 27 23:48:15 +0000 2017,@115888 How can be this available through globe payment? ;),"@795553 Hey Abby! It's ₱129 for mobile payments, but you can get this offer by using a credt/debit card or PayPal. Hope this clears things up. If you have any other questions, just give us a shout 🙂 /KC",Customer: Unli skips. Unli fun. 3 months of Premium for ₱9. https://t.co/Q2YbLhp7U6,Other / Miscellaneous,False,False,False,False,False,True,False,billing_subscription_payment,billing_subscription_payment
pair_2846_2882298,2812,35,False,2846,2882298,799702,Tue Nov 28 07:49:30 +0000 2017,Tue Nov 28 09:39:43 +0000 2017,@115888 Fake u,"@799702 Hey! Can you tell us more about what's happening? If you could fire over your account's email address or username via DM, that'd be great /AY https://t.co/ldFdZRiNAt",Customer: Unli skips. Unli fun. 3 months of Premium for ₱9. https://t.co/Q2YbLhp7U6,Redirect / DM,True,True,False,False,False,False,True,,playback_streaming_issue
pair_2847_2891268,2812,36,False,2847,2891268,801515,Tue Nov 28 13:02:33 +0000 2017,Tue Nov 28 14:57:22 +0000 2017,@115888 Hi spotify. Why you charged me 414.40? It should be 129.00 only. https://t.co/r67C10IR71,@801515 Hey! We've just sent you a bit more info over DM. We'll carry on helping out there /JM,Customer: Unli skips. Unli fun. 3 months of Premium for ₱9. https://t.co/Q2YbLhp7U6,Other / Miscellaneous,False,False,False,False,False,False,False,billing_subscription_payment,billing_subscription_payment
pair_2848_2902783,2812,37,False,2848,2902783,803975,Tue Nov 28 16:59:24 +0000 2017,Tue Nov 28 18:56:28 +0000 2017,@115888 Can we unsubscribe then subscribe again? 😂 I am currently paying for a Family Plan. :/,"@803975 Hey, help's here! You can cancel your subscription at any time by heading to: https://t.co/Q1zNbUXR4q. When you're ready to resubscribe, you can go here: https://t.co/08kG2GBNp5. Stay awesome 😁 /JZ",Customer: Unli skips. Unli fun. 3 months of Premium for ₱9. https://t.co/Q2YbLhp7U6,Other / Miscellaneous,False,False,False,False,False,False,True,plan_management_discount,plan_management_discount
pair_2849_2929851,2812,38,False,2849,2929851,810498,Wed Nov 29 05:10:03 +0000 2017,Wed Nov 29 06:32:53 +0000 2017,@115888 Hi. I don't get it. Why can't I pay P9 using Smart or Globe?,@810498 Hey Ian! The cavalry's here. Can you DM us your account's email address? We'll take a look under the hood /KB https://t.co/ldFdZRiNAt,Customer: Unli skips. Unli fun. 3 months of Premium for ₱9. https://t.co/Q2YbLhp7U6,Redirect / DM,True,True,False,False,False,False,True,billing_subscription_payment,billing_subscription_payment
pair_2850_2943779,2812,39,False,2850,2943779,813236,Wed Nov 29 14:36:13 +0000 2017,Wed Nov 29 14:41:16 +0000 2017,@115888 Spotify charged me with P129.00. Why? I received a receipt from my email. I thought its P9.00. Kindly explain. Please,@813236 Hey there! Can you DM us your account's email address or username? We'll take a look backstage /PB https://t.co/ldFdZRiNAt,Customer: Unli skips. Unli fun. 3 months of Premium for ₱9. https://t.co/Q2YbLhp7U6,Redirect / DM,True,True,False,False,False,False,True,billing_subscription_payment,billing_subscription_payment
pair_2851_2782148,2812,40,False,2851,2782148,776949,Tue Nov 21 16:05:15 +0000 2017,Tue Nov 21 17:22:50 +0000 2017,@115888 Hi. I havo no debit card but im interested. Can u help me?,"@776949 Hey Angel, we'd love to help! We have some handy info about payments here: https://t.co/HXJvbKDPzt. If you need a hand with anything else, just let us know /TI",Customer: Unli skips. Unli fun. 3 months of Premium for ₱9. https://t.co/Q2YbLhp7U6,Other / Miscellaneous,False,False,False,False,False,False,True,billing_subscription_payment,billing_subscription_payment
pair_149336_663088,2812,41,False,149336,663088,149488,Sat Nov 25 03:17:16 +0000 2017,Sat Nov 25 06:59:19 +0000 2017,@150025 @115888 Thats what happen to me also,"@149488 Hey, we've responded to your DM. Let's continue the conversation there 🙂 /DN","Customer: Unli skips. Unli fun. 3 months of Premium for ₱9. https://t.co/Q2YbLhp7U6
Customer: @115888 I thought it’s Php9 for 3 mos? Why is it charging me 129?",Other / Miscellaneous,False,False,False,False,False,False,False,,playback_streaming_issue
pair_661763_661764,2812,42,False,661763,661764,277655,Thu Nov 23 01:48:43 +0000 2017,Thu Nov 23 03:10:11 +0000 2017,@SpotifyCares So it would be 129 for Mobile charging? Plus good for 3 months already.,"@277655 That's right. If you pay by mobile, you'll get charged ₱129 for 3 months of Premium. Hope we were able to clarify this for you /RB","Customer: Unli skips. Unli fun. 3 months of Premium for ₱9. https://t.co/Q2YbLhp7U6
Customer: @115888 When it comes to Credit card it only cost 9Php how come thru Mobile transaction it cost the regular one? Help please!! https://t.co/VDnIGkLtAG
Brand: @277655 Don't worry, there'll only be an additional charge if you'll be signing up for that offer through your mobile carrier. If you'll be using other payment methods available to you, you won't be charged extra /RH",Other / Miscellaneous,False,False,False,False,False,False,False,billing_subscription_payment,billing_subscription_payment
pair_677079_677080,2812,43,False,677079,677080,281524,Thu Nov 23 07:12:55 +0000 2017,Thu Nov 23 07:22:03 +0000 2017,@SpotifyCares Will that help me get the promotion?,"@281524 Hmm. We'd like to check your eligibility. If you've already had a subscription before, we're afraid you're no longer eligible since the offer is only available to new subscribers. Stay tuned for more deals for existing Premium subscribers, though 🙂 /AY","Customer: Unli skips. Unli fun. 3 months of Premium for ₱9. https://t.co/Q2YbLhp7U6
Customer: @115888 Hello kakarenew ko lNgkahapon why sooolate???
Brand: @281524 Hey there! We're afraid we don't have Filipino support for now. We hope you don't mind if we reply in English. Can you send us your account's email address or username via DM? We'll take a look backstage /AY https://t.co/ldFdZRiNAt",Other / Miscellaneous,False,False,False,False,False,False,False,,playback_streaming_issue
pair_678413_678412,2812,44,False,678413,678412,281863,Thu Nov 23 07:08:28 +0000 2017,Thu Nov 23 07:19:06 +0000 2017,"@SpotifyCares For debir card no, only shows 129, for credit card yes but there's an error. :'( sent a dm",@281863 We've just sent a DM your way. Let's carry on chatting there /DR,"Customer: Unli skips. Unli fun. 3 months of Premium for ₱9. https://t.co/Q2YbLhp7U6
Customer: @115888 DMed you @SpotifyCares
Brand: @281863 Thanks for clarifying. You can also use your debit card to pay for your subscription. Can you confirm if you're given the option to subscribe to the 3 months for 9 PHP offer? /DR",Other / Miscellaneous,False,False,False,False,False,False,False,billing_subscription_payment,billing_subscription_payment
pair_2577768_2577769,2812,45,False,2577768,2577769,730866,Mon Nov 27 08:16:43 +0000 2017,Mon Nov 27 08:24:34 +0000 2017,@SpotifyCares @730865 Is this available through smart and globe load payment?,@730866 Hey there! Can you fire over your account's email address or username via DM? We'll check things out /AY https://t.co/ldFdZRiNAt,"Customer: Unli skips. Unli fun. 3 months of Premium for ₱9. https://t.co/Q2YbLhp7U6
Customer: @115888 How?
Brand: @730865 Hey Trisha! If you've never been on Premium, you can sign up for the deal here: https://t.co/B1W1abMc4b using a recurring payment method like a debit/credit card or PayPal. Hope this helps /CM",Redirect / DM,True,True,False,False,False,False,True,billing_subscription_payment,billing_subscription_payment
pair_645122_645121,2812,46,False,645122,645121,273121,Wed Nov 22 15:54:25 +0000 2017,Wed Nov 22 18:19:42 +0000 2017,@SpotifyCares @273122 Why tho? Please help. https://t.co/yGA180cQmd,"@273121 @273122 Hey, the cavalry's here. Can you DM us your account's username and email address? We'll check it out backstage 🔍 /LX https://t.co/ldFdZRiNAt","Customer: Unli skips. Unli fun. 3 months of Premium for ₱9. https://t.co/Q2YbLhp7U6
Customer: @115888 How?
Brand: @273122 Hey there! The Intro Offer of ₱9 for 3 months is for those who haven't had Premium before. If you haven't been on a subscription in the past, hea over to https://t.co/WB5TSxRfDe to take this offer 😉 /SY",Redirect / DM,True,True,False,False,False,False,True,,playback_streaming_issue
pair_645124_2774547,2812,47,False,645124,2774547,775408,Tue Nov 21 15:32:39 +0000 2017,Tue Nov 21 16:35:33 +0000 2017,@SpotifyCares @273122 I though i will only pay 9pesos? But why am i charge of the regular price?,@775408 @273122 Hi Rachel! We've just sent you a bit more info over DM. We'll carry on helping out there /GN,"Customer: Unli skips. Unli fun. 3 months of Premium for ₱9. https://t.co/Q2YbLhp7U6
Customer: @115888 How?
Brand: @273122 Hey there! The Intro Offer of ₱9 for 3 months is for those who haven't had Premium before. If you haven't been on a subscription in the past, hea over to https://t.co/WB5TSxRfDe to take this offer 😉 /SY",Other / Miscellaneous,False,False,False,False,False,False,False,billing_subscription_payment,billing_subscription_payment
pair_2846499_2846501,2812,48,False,2846499,2846501,791702,Tue Nov 28 13:50:16 +0000 2017,Tue Nov 28 15:49:07 +0000 2017,@SpotifyCares @791701 * :),"@791702 Hey Marts! We hear you. Rest assured, your feedback won't fall on deaf ears. For now, check out https://t.co/Nvf3UAFInq for other deals available for you /MC","Customer: Unli skips. Unli fun. 3 months of Premium for ₱9. https://t.co/Q2YbLhp7U6
Customer: @115888 I have already subscribe to spotify, am I eligible for this?
Brand: @791701 Hi there! Right now, that offer's for new subscribers only. Stay tuned for more deals for existing Premium subscribers, though 🙂 /NJ
Customer: @SpotifyCares @791701 Sad :( Hoping that the loyal subscribers are being offered too. But okay we'll wait :(",Other / Miscellaneous,False,False,False,False,False,False,True,,playback_streaming_issue
pair_661765_661766,2812,49,False,661765,661766,277655,Thu Nov 23 03:20:05 +0000 2017,Thu Nov 23 04:20:16 +0000 2017,@SpotifyCares Okay noted po 😊 But how many device can be use with one account?,"@277655 Cool! You can use your account with any number of devices, as long as you're logged in to one device at a time /RB","Customer: Unli skips. Unli fun. 3 months of Premium for ₱9. https://t.co/Q2YbLhp7U6
Customer: @115888 When it comes to Credit card it only cost 9Php how come thru Mobile transaction it cost the regular one? Help please!! https://t.co/VDnIGkLtAG
Brand: @277655 Don't worry, there'll only be an additional charge if you'll be signing up for that offer through your mobile carrier. If you'll be using other payment methods available to you, you won't be charged extra /RH
Customer: @SpotifyCares So it would be 129 for Mobile charging? Plus good for 3 months already.
Brand: @277655 That's right. If you pay by mobile, you'll get charged ₱129 for 3 months of Premium. Hope we were able to clarify this for you /RB",Other / Miscellaneous,False,False,False,False,False,False,False,,playback_streaming_issue
pair_2846502_2846503,2812,50,False,2846502,2846503,791702,Wed Nov 29 01:23:49 +0000 2017,Wed Nov 29 02:38:08 +0000 2017,@SpotifyCares Thank you 😊,@791702 You're welcome. Just let us know if we can help with anything else. https://t.co/m4HWSbgHVZ /NQ,"Customer: Unli skips. Unli fun. 3 months of Premium for ₱9. https://t.co/Q2YbLhp7U6
Customer: @115888 I have already subscribe to spotify, am I eligible for this?
Brand: @791701 Hi there! Right now, that offer's for new subscribers only. Stay tuned for more deals for existing Premium subscribers, though 🙂 /NJ
Customer: @SpotifyCares @791701 Sad :( Hoping that the loyal subscribers are being offered too. But okay we'll wait :(
Customer: @SpotifyCares @791701 * :)
Brand: @791702 Hey Marts! We hear you. Rest assured, your feedback won't fall on deaf ears. For now, check out https://t.co/Nvf3UAFInq for other deals available for you /MC",Generic Acknowledgement,False,False,False,False,False,True,True,,playback_streaming_issue
pair_661767_661768,2812,51,False,661767,661768,277655,Thu Nov 23 05:16:46 +0000 2017,Thu Nov 23 05:18:22 +0000 2017,@SpotifyCares Alright!! Thank you so much! 😊,@277655 You're welcome! Let us know if you ever need us again. We'd be... https://t.co/LgAM6ky9Vv /RB,"Customer: Unli skips. Unli fun. 3 months of Premium for ₱9. https://t.co/Q2YbLhp7U6
Customer: @115888 When it comes to Credit card it only cost 9Php how come thru Mobile transaction it cost the regular one? Help please!! https://t.co/VDnIGkLtAG
Brand: @277655 Don't worry, there'll only be an additional charge if you'll be signing up for that offer through your mobile carrier. If you'll be using other payment methods available to you, you won't be charged extra /RH
Customer: @SpotifyCares So it would be 129 for Mobile charging? Plus good for 3 months already.
Brand: @277655 That's right. If you pay by mobile, you'll get charged ₱129 for 3 months of Premium. Hope we were able to clarify this for you /RB
Customer: @SpotifyCares Okay noted po 😊 But how many device can be use with one account?
Brand: @277655 Cool! You can use your account with any number of devices, as long as you're logged in to one device at a time /RB",Generic Acknowledgement,False,False,False,False,False,True,True,,playback_streaming_issue
pair_2855_2854,2855,0,True,2855,2854,116379,Sat Nov 25 00:22:39 +0000 2017,Sat Nov 25 02:02:09 +0000 2017,"@SpotifyCares I've been trying to select ""no"" for this option multiple times but every time after closing the settings, it goes right back to ""minimized."" I do not want this to boot up at startup. What gives? https://t.co/vX8vY4l0st",@116379 Hey Dylan! Can you let us know which versions of Spotify and Windows you're running? We'll see what we can suggest /RA,,Clarification / Request for Info,False,True,False,False,False,False,False,,other_miscellaneous
pair_2853_2852,2855,1,False,2853,2852,116379,Sat Nov 25 15:53:20 +0000 2017,Sun Nov 26 00:20:17 +0000 2017,"@SpotifyCares Thanks for the quick reply! I got it to work after un/reinstalling a few times, but I’m on MacOS High Sierra. Looks like version 1.0.68.407.g6864aaaf? I’m not sure what the initial problem was, but again, it’s working now.","@116379 Awesome! If you ever need anything else, just shout and we'll come running 🏃 /DF","Customer: @SpotifyCares I've been trying to select ""no"" for this option multiple times but every time after closing the settings, it goes right back to ""minimized."" I do not want this to boot up at startup. What gives? https://t.co/vX8vY4l0st
Brand: @116379 Hey Dylan! Can you let us know which versions of Spotify and Windows you're running? We'll see what we can suggest /RA",Other / Miscellaneous,False,False,False,False,False,False,False,,other_miscellaneous
pair_2858_2859,2858,0,True,2858,2859,116381,Fri Nov 24 04:09:10 +0000 2017,Fri Nov 24 06:27:06 +0000 2017,"@116380 Hey guys, I tried to update my payment method and add my Aussie visa credit card but it tell me that the card is for a ""non-spotify country""? I'm trying to migrate my account from France to Australia since I live here now and I can't do that unless I use an Aussie card",@116381 Hey there! Could you send us a DM with your account's email address? We'll take a look backstage /MA https://t.co/ldFdZRiNAt,,Redirect / DM,True,True,False,False,False,False,True,"billing_subscription_payment,content_catalog_licensing,app_technical_device",billing_subscription_payment
pair_2857_2856,2858,1,False,2857,2856,116380,Fri Nov 24 04:10:37 +0000 2017,Sun Nov 26 00:08:23 +0000 2017,"@116381 Hey hey! Thanks for reaching out! @SpotifyCares, could you help out with Pascal's payment update?",@116380 @116381 Hey Pazcal! Could you send us a DM with your account's email address? We'll take a look backstage /MJ https://t.co/ldFdZRiNAt,"Customer: @116380 Hey guys, I tried to update my payment method and add my Aussie visa credit card but it tell me that the card is for a ""non-spotify country""? I'm trying to migrate my account from France to Australia since I live here now and I can't do that unless I use an Aussie card",Redirect / DM,True,True,False,False,False,False,True,"billing_subscription_payment,app_technical_device",billing_subscription_payment
pair_2861_2860,2862,0,False,2861,2860,116380,Fri Nov 24 02:31:16 +0000 2017,Sun Nov 26 00:07:18 +0000 2017,"@116382 Booooourns. @SpotifyCares, could you please help out with this one?",@116380 @116382 Hey there! We'll get this reported. Great detective work! https://t.co/LpsmyUtme0 /MJ,Customer: Hey @116380 you linked the wrong LDRU on his collab with Nicole Millar xx https://t.co/cLsl3vPgtu,Other / Miscellaneous,False,False,False,False,False,False,True,,unclear_insufficient_context
pair_2864_2863,2865,0,False,2864,2863,116383,Sat Nov 25 15:41:20 +0000 2017,Sun Nov 26 00:04:36 +0000 2017,@115888 only credit card??,@116383 Hey! The cavalry's here. Can you DM us your account's username or email address? We'll take a look under the hood /JS https://t.co/ldFdZRiNAt,Customer: 3 months of Premium is just RM2. Play music offline wherever you go. https://t.co/nr8m1VIWk4,Redirect / DM,True,True,False,False,False,False,True,billing_subscription_payment,billing_subscription_payment
pair_2866_469556,2865,1,False,2866,469556,226806,Fri Dec 01 06:52:13 +0000 2017,Fri Dec 01 07:17:28 +0000 2017,@115888 You guys accept debit card payment?,@226806 Hey there! Can you DM us your account's email address or username? We'll take a look /NS https://t.co/ldFdZRiNAt,Customer: 3 months of Premium is just RM2. Play music offline wherever you go. https://t.co/nr8m1VIWk4,Redirect / DM,True,True,False,False,False,False,True,billing_subscription_payment,billing_subscription_payment
pair_469557_469558,2865,2,False,469557,469558,226806,Fri Dec 01 07:24:46 +0000 2017,Fri Dec 01 07:39:24 +0000 2017,"@SpotifyCares __email__
Thank you :)",@226806 No worries. We've just replied to your DM. We'll carry on helping out there /MU,"Customer: 3 months of Premium is just RM2. Play music offline wherever you go. https://t.co/nr8m1VIWk4
Customer: @115888 You guys accept debit card payment?
Brand: @226806 Hey there! Can you DM us your account's email address or username? We'll take a look /NS https://t.co/ldFdZRiNAt",Generic Acknowledgement,False,False,False,False,False,True,False,,offline_downloads_issue
pair_2869_2867,2869,0,True,2869,2867,116384,Sat Nov 25 15:40:44 +0000 2017,Sun Nov 26 00:04:25 +0000 2017,"@SpotifyCares why is this album on Spotify if it's not playable? It would be super if was available, THIS IS #2NE1 playlist would be complete if it had all the songs from their first mini album https://t.co/NdN2Hbtdfl",@116384 Hey there! Sometimes content gets temporarily removed because of licensing changes. Hopefully we'll have them available again soon /MT,,Information / Explanation,False,False,False,False,True,False,False,playlist_library_curation,playlist_library_curation
pair_2868_2870,2869,1,False,2868,2870,116384,Sun Nov 26 03:58:22 +0000 2017,Sun Nov 26 04:04:37 +0000 2017,@SpotifyCares I doubt it :/ but thank you for replying!,"@116384 You're welcome. Not to worry, we'll pass on your feedback to the right team. If you ever need us again, just say the word. We're always here for you /MT","Customer: @SpotifyCares why is this album on Spotify if it's not playable? It would be super if was available, THIS IS #2NE1 playlist would be complete if it had all the songs from their first mini album https://t.co/NdN2Hbtdfl
Brand: @116384 Hey there! Sometimes content gets temporarily removed because of licensing changes. Hopefully we'll have them available again soon /MT",Other / Miscellaneous,False,False,False,False,False,True,False,,content_catalog_licensing
pair_2873_2872,2873,0,True,2873,2872,116385,Tue Nov 21 00:30:21 +0000 2017,Tue Nov 21 00:42:55 +0000 2017,"@SpotifyCares every single time someone sends a Spotify link, it never works the first time. I have to 
A L W A Y S press the link twice for it to work 🤦🏻‍♂️🤦🏻‍♂️ https://t.co/MZ9Ai1cFaT","@116385 Hey there! Don't worry, help's here. Can you let us know the iPhone model you're using along with its iOS and Spotify versions? We'll see what we can suggest /MT",,Clarification / Request for Info,False,True,False,False,False,False,False,,other_miscellaneous
pair_2877_2876,2878,0,False,2877,2876,116386,Sat Nov 25 13:56:17 +0000 2017,Sat Nov 25 22:35:14 +0000 2017,@115888 Why?? https://t.co/YCUDOLf2za,@116386 Hey! Could you DM us your account’s email address? We’ll check this out backstage /CG https://t.co/ldFdZRiNAt,Customer: Unli skips. Unli fun. 3 months of Premium for ₱9. https://t.co/8ZRlqNPqtf,Redirect / DM,True,True,False,False,False,False,True,,playback_streaming_issue
pair_2880_124834,2878,1,False,2880,124834,143963,Fri Nov 24 00:44:35 +0000 2017,Fri Nov 24 02:06:46 +0000 2017,@115888 Hi can I avail this using just my load? No credit card needed?,@143963 Hey there! Could you send us a DM with your account's email address? We'll take a look backstage /FR https://t.co/ldFdZRiNAt,Customer: Unli skips. Unli fun. 3 months of Premium for ₱9. https://t.co/8ZRlqNPqtf,Redirect / DM,True,True,False,False,False,False,True,billing_subscription_payment,billing_subscription_payment
pair_2881_128848,2878,2,False,2881,128848,144985,Fri Nov 24 02:33:35 +0000 2017,Fri Nov 24 04:54:35 +0000 2017,@115888 Can i use my regular load in globe to avail the premium?pls response.thank you,@144985 Hey Precious! Could you send us a DM with your account's email address? We'll take a look backstage /FR https://t.co/ldFdZRiNAt,Customer: Unli skips. Unli fun. 3 months of Premium for ₱9. https://t.co/8ZRlqNPqtf,Redirect / DM,True,True,False,False,False,False,True,,playback_streaming_issue
pair_2882_138290,2878,3,False,2882,138290,147151,Fri Nov 24 07:20:12 +0000 2017,Fri Nov 24 10:19:02 +0000 2017,@115888 Hello i need this too how is the mechanics?,@147151 Hi Ann! Can you DM us your account's username or email address? We'll see what we can suggest /DN https://t.co/ldFdZRiNAt,Customer: Unli skips. Unli fun. 3 months of Premium for ₱9. https://t.co/8ZRlqNPqtf,Redirect / DM,True,True,False,False,False,False,True,,playback_streaming_issue
pair_2883_142991,2878,4,False,2883,142991,148283,Fri Nov 24 08:52:20 +0000 2017,Fri Nov 24 13:05:32 +0000 2017,@115888 Nabawasan yung card ko ng 9 tapos hindi naging premium waley effect sayang 9 pesos ko 😡,@148283 Hi there! We hope you don't mind if we answer in English. What's happening exactly? We're here to help /GK,Customer: Unli skips. Unli fun. 3 months of Premium for ₱9. https://t.co/8ZRlqNPqtf,Clarification / Request for Info,False,True,False,False,False,False,False,billing_subscription_payment,billing_subscription_payment
pair_2884_144260,2878,5,False,2884,144260,148615,Fri Nov 24 08:57:30 +0000 2017,Fri Nov 24 13:14:58 +0000 2017,@115888 How to avail???,@148615 Hey! Could you DM us your account’s email address? We’ll check this out backstage /DR https://t.co/ldFdZRiNAt,Customer: Unli skips. Unli fun. 3 months of Premium for ₱9. https://t.co/8ZRlqNPqtf,Redirect / DM,True,True,False,False,False,False,True,,playback_streaming_issue
pair_2885_147391,2878,6,False,2885,147391,149493,Fri Nov 24 09:48:53 +0000 2017,Fri Nov 24 14:25:09 +0000 2017,@115888 How to avail this???coz i tried it earlier but i cant avail it...,"@149493 Hey there! Are you getting any error messages when trying to redeem the offer? If so, a screenshot of it would be super handy. Just make sure to mask all private information. Also, can you DM us your account's username or email address? We'll take a look backstage /MS https://t.co/ldFdZRiNAt",Customer: Unli skips. Unli fun. 3 months of Premium for ₱9. https://t.co/8ZRlqNPqtf,Redirect / DM,True,True,False,False,False,False,True,,playback_streaming_issue
pair_2886_147380,2878,7,False,2886,147380,149489,Fri Nov 24 10:10:39 +0000 2017,Fri Nov 24 14:29:48 +0000 2017,"@115888 By the way, i was about to avail your promo but it won’t let me.",@149489 Hi there! Can you fire over your account's email address via DM? We'll take a look backstage and see what we can suggest /NY https://t.co/ldFdZRiNAt,Customer: Unli skips. Unli fun. 3 months of Premium for ₱9. https://t.co/8ZRlqNPqtf,Redirect / DM,True,True,False,False,False,False,True,,playback_streaming_issue
pair_2887_165026,2878,8,False,2887,165026,154258,Fri Nov 24 17:53:27 +0000 2017,Fri Nov 24 20:09:21 +0000 2017,"@115888 Whatever option of the payment method I chose, I still have to pay for 129. I  thought 9 pesos. Thoughts?","@154258 Hey there, the cavalry's here! This offer is only valid with a recurring payment method. We recommend trying again on a desktop using an incognito/private browser. You can sign up for the Premium offer here: https://t.co/1iF7T0iEU2. Keep us posted /JY",Customer: Unli skips. Unli fun. 3 months of Premium for ₱9. https://t.co/8ZRlqNPqtf,Other / Miscellaneous,False,False,False,False,False,False,True,billing_subscription_payment,billing_subscription_payment
pair_2888_169703,2878,9,False,2888,169703,155525,Fri Nov 24 20:09:10 +0000 2017,Fri Nov 24 21:25:23 +0000 2017,@115888 Can I use my coins.ph to avail this?,"@155525 Hey Sarah, help's here! Can you double-check if your virtual card meets the following requirements: https://t.co/4TQhJnhAgV? We'll be here waiting /GN",Customer: Unli skips. Unli fun. 3 months of Premium for ₱9. https://t.co/8ZRlqNPqtf,Clarification / Request for Info,False,True,False,False,False,False,True,,playback_streaming_issue
pair_2890_177423,2878,10,False,2890,177423,157775,Sat Nov 25 00:55:51 +0000 2017,Sat Nov 25 01:04:29 +0000 2017,@115888 But why i can't install the premium one with 9php? How? Pls help!!!,"@157775 Hi there, we're here to help! Can you DM us your account's email address? We'll see what we can suggest /AK https://t.co/ldFdZRiNAt",Customer: Unli skips. Unli fun. 3 months of Premium for ₱9. https://t.co/8ZRlqNPqtf,Redirect / DM,True,True,False,False,False,False,True,app_technical_device,app_technical_device
pair_2891_327642,2878,11,False,2891,327642,194110,Sat Nov 25 01:10:10 +0000 2017,Sat Nov 25 04:12:37 +0000 2017,@115888 I heard it's only available for credit card?? Can I use my debit card for this?,"@194110 Hey there! The Intro Offer can be signed up for using any recurring payment methods that’s available at https://t.co/pvN7083xtv, but the pricing varies by payment mode. If you have any other questions, just give us a shout 😉 /BP",Customer: Unli skips. Unli fun. 3 months of Premium for ₱9. https://t.co/8ZRlqNPqtf,Other / Miscellaneous,False,False,False,False,False,True,True,billing_subscription_payment,billing_subscription_payment
pair_2892_445765,2878,12,False,2892,445765,220565,Wed Nov 22 09:09:53 +0000 2017,Wed Nov 22 09:58:45 +0000 2017,@115888 Is it legit that it is only 9 pesos even tho i'll get premium thru my carrier?? 😌,@220565 Hey there! We can check your eligibility for our offers. Just DM us your account's email address /LW https://t.co/ldFdZRiNAt,Customer: Unli skips. Unli fun. 3 months of Premium for ₱9. https://t.co/8ZRlqNPqtf,Redirect / DM,True,False,False,False,False,False,True,,playback_streaming_issue
pair_2893_622870,2878,13,False,2893,622870,267850,Wed Nov 22 16:47:58 +0000 2017,Wed Nov 22 17:36:53 +0000 2017,@115888 I've sent a message,"@267850 Hi, we've just replied to your DM. We'll carry on chatting there /SY",Customer: Unli skips. Unli fun. 3 months of Premium for ₱9. https://t.co/8ZRlqNPqtf,Other / Miscellaneous,False,False,False,False,False,False,False,,playback_streaming_issue
pair_2894_637701,2878,14,False,2894,637701,271207,Wed Nov 22 15:28:22 +0000 2017,Wed Nov 22 19:41:12 +0000 2017,@115888 I think only valid for new user.,"@271207 Hi Aikuh! That's correct, this offer's for new subscribers only. Be sure check out our other great offers here: https://t.co/Gp5xcUoTsa  Stay tuned for more deals for existing Premium subscribers 🙂 We hope this helps /TX",Customer: Unli skips. Unli fun. 3 months of Premium for ₱9. https://t.co/8ZRlqNPqtf,Other / Miscellaneous,False,False,False,False,False,False,True,,playback_streaming_issue
pair_2895_677082,2878,15,False,2895,677082,281526,Thu Nov 23 04:41:34 +0000 2017,Thu Nov 23 06:25:52 +0000 2017,@115888 is this legit,@281526 Hey! We've just replied to your DM. Check it out. We'll continue helping there /RE,Customer: Unli skips. Unli fun. 3 months of Premium for ₱9. https://t.co/8ZRlqNPqtf,Other / Miscellaneous,False,False,False,False,False,False,False,,playback_streaming_issue
