pair_id,baseline,customer_message,context_before_customer,human_primary_intent,predicted_intent,generated_reply,retrieval_source_pair_id,retrieved_historical_response,reference_response,relevance_human,helpfulness_human,groundedness_human,appropriateness_human,unsupported_claims_human,overall_score_human,human_note,annotation_status,ai_suggestion_shown,ai_suggestion_values,human_confirmed,human_edited,annotation_mode
pair_110043_1822595,KeywordBaseline,@115888 are u serious,Customer: 3 months of Premium is just RM2. Play music offline wherever you go. https://t.co/QyR3BuP6Pm,plan_management_discount,offline_downloads_issue,"@116374 Hey Katie, thanks for the feedback – we appreciate it! We’ll get this passed onto the right team 💚 /CG",pair_2799_2798,"@116374 Hey Katie, thanks for the feedback – we appreciate it! We’ll get this passed onto the right team 💚 /CG","@547143 Hi there! Hey! Don’t worry, we can help. What’s happening exactly? We'll see what we can suggest /DR",,,,,,,,pending,,,,,
pair_110043_1822595,MostFrequentBaseline,@115888 are u serious,Customer: 3 months of Premium is just RM2. Play music offline wherever you go. https://t.co/QyR3BuP6Pm,plan_management_discount,other_miscellaneous,@228591 We've just sent a DM your way. Let's carry on chatting there /PK,pair_478110_478112,@228591 We've just sent a DM your way. Let's carry on chatting there /PK,"@547143 Hi there! Hey! Don’t worry, we can help. What’s happening exactly? We'll see what we can suggest /DR",,,,,,,,pending,,,,,
pair_1118825_1118824,KeywordBaseline,"@SpotifyCares My Spotify won't play any of my albums, I've already tried logging out of my Spotify multiple times and restarting my phone.",,playback_streaming_issue,playback_streaming_issue,@115887 Could you send us a DM with your account's email address? We'll take a look backstage /CH https://t.co/ldFdZRiNAt,pair_849_851,@115887 Could you send us a DM with your account's email address? We'll take a look backstage /CH https://t.co/ldFdZRiNAt,"@383966 Hi there. Don't worry, help's here. Can you tell us what device, operating system, and app version you're using? /JU",,,,,,,,pending,,,,,
pair_1118825_1118824,MostFrequentBaseline,"@SpotifyCares My Spotify won't play any of my albums, I've already tried logging out of my Spotify multiple times and restarting my phone.",,playback_streaming_issue,other_miscellaneous,@228591 We've just sent a DM your way. Let's carry on chatting there /PK,pair_478110_478112,@228591 We've just sent a DM your way. Let's carry on chatting there /PK,"@383966 Hi there. Don't worry, help's here. Can you tell us what device, operating system, and app version you're using? /JU",,,,,,,,pending,,,,,
pair_115235_115236,KeywordBaseline,@SpotifyCares Android 7.1.1 Spotify 8.4.28.875,"Customer: @115888 will you optimise spotify for galaxy note 8?
And since I'm coming from iOS, can't you add gestures for ""queue"" and ""add to my songs,"" it's really useful
Brand: @141622 Hey there! Thanks for the feedback. We'll make sure to pass your suggestion about the gestures on to the right folks. Are you having issues using Spotify on your Galaxy Note 8? /PC
Customer: @SpotifyCares It's just not optimised for the aspect ratio of the phone
Brand: @141622 Hmm. Can you send us your Android and Spotify app versions? We'll see what we can suggest /PC",app_technical_device,playlist_library_curation,"@115887 Hey! What device, operating system, and Spotify version are you using? We'll see what we can suggest /CB",pair_855_854,"@115887 Hey! What device, operating system, and Spotify version are you using? We'll see what we can suggest /CB",@141622 Thanks. Can you send us a screenshot of what you see? We'll check it out /NY,,,,,,,,pending,,,,,
pair_115235_115236,MostFrequentBaseline,@SpotifyCares Android 7.1.1 Spotify 8.4.28.875,"Customer: @115888 will you optimise spotify for galaxy note 8?
And since I'm coming from iOS, can't you add gestures for ""queue"" and ""add to my songs,"" it's really useful
Brand: @141622 Hey there! Thanks for the feedback. We'll make sure to pass your suggestion about the gestures on to the right folks. Are you having issues using Spotify on your Galaxy Note 8? /PC
Customer: @SpotifyCares It's just not optimised for the aspect ratio of the phone
Brand: @141622 Hmm. Can you send us your Android and Spotify app versions? We'll see what we can suggest /PC",app_technical_device,other_miscellaneous,@228591 We've just sent a DM your way. Let's carry on chatting there /PK,pair_478110_478112,@228591 We've just sent a DM your way. Let's carry on chatting there /PK,@141622 Thanks. Can you send us a screenshot of what you see? We'll check it out /NY,,,,,,,,pending,,,,,
pair_1186704_1186703,KeywordBaseline,@115888 is just mixing all the artist that goes by the name Jaya. I just wanna listen to Dahil Tanging Ikaw,,content_catalog_licensing,content_catalog_licensing,"@116129 1: Thanks! Looks like those albums are currently unavailable. Fingers crossed we'll be able to have them soon, but there's info about...",pair_1877_1880,"@116129 1: Thanks! Looks like those albums are currently unavailable. Fingers crossed we'll be able to have them soon, but there's info about...",@399042 Hey! Help's here. Can you send us the Song Link? Just tap the three dots &gt; Share &gt; Copy Link. We'll take a look backstage /MG,,,,,,,,pending,,,,,
pair_1186704_1186703,MostFrequentBaseline,@115888 is just mixing all the artist that goes by the name Jaya. I just wanna listen to Dahil Tanging Ikaw,,content_catalog_licensing,other_miscellaneous,@228591 We've just sent a DM your way. Let's carry on chatting there /PK,pair_478110_478112,@228591 We've just sent a DM your way. Let's carry on chatting there /PK,@399042 Hey! Help's here. Can you send us the Song Link? Just tap the three dots &gt; Share &gt; Copy Link. We'll take a look backstage /MG,,,,,,,,pending,,,,,
pair_1199565_1199564,KeywordBaseline,"@SpotifyCares I'm seeing conflicting information, am I capped at 1,333 songs offline or 10,000?",,offline_downloads_issue,offline_downloads_issue,"@116374 Hey Katie, thanks for the feedback – we appreciate it! We’ll get this passed onto the right team 💚 /CG",pair_2799_2798,"@116374 Hey Katie, thanks for the feedback – we appreciate it! We’ll get this passed onto the right team 💚 /CG",@401850 2: about offline listening here: https://t.co/1z13MJsB33 /KB,,,,,,,,pending,,,,,
pair_1199565_1199564,MostFrequentBaseline,"@SpotifyCares I'm seeing conflicting information, am I capped at 1,333 songs offline or 10,000?",,offline_downloads_issue,other_miscellaneous,@228591 We've just sent a DM your way. Let's carry on chatting there /PK,pair_478110_478112,@228591 We've just sent a DM your way. Let's carry on chatting there /PK,@401850 2: about offline listening here: https://t.co/1z13MJsB33 /KB,,,,,,,,pending,,,,,
pair_1219460_1219458,KeywordBaseline,"@118266 sy tdk bisa login di apps ""wrong user id / pswd"" tp dgn ID &amp; pwd yg sama bisa login di web. Pls help hrs bgmn",,account_access_credentials,account_access_credentials,@487657 Hey! We’re sorry to hear that. Check out https://t.co/QHn3okq8TV for what to do next /BH,pair_1584824_1584823,@487657 Hey! We’re sorry to hear that. Check out https://t.co/QHn3okq8TV for what to do next /BH,"@406111 Hey there! We can help out in English via Twitter, but we also have Indonesian support via email at https://t.co/ZgU70TbP8M /MQ",,,,,,,,pending,,,,,
pair_1219460_1219458,MostFrequentBaseline,"@118266 sy tdk bisa login di apps ""wrong user id / pswd"" tp dgn ID &amp; pwd yg sama bisa login di web. Pls help hrs bgmn",,account_access_credentials,other_miscellaneous,@228591 We've just sent a DM your way. Let's carry on chatting there /PK,pair_478110_478112,@228591 We've just sent a DM your way. Let's carry on chatting there /PK,"@406111 Hey there! We can help out in English via Twitter, but we also have Indonesian support via email at https://t.co/ZgU70TbP8M /MQ",,,,,,,,pending,,,,,
pair_128851_128849,KeywordBaseline,@spotifycares it's 2017 why do I have a 3333 offline song limit on my spotify? Do you really want @GooglePlayMusic to get that 9.99 a month off me? Ps pls emulate their local files synching.,,offline_downloads_issue,offline_downloads_issue,"@116374 Hey Katie, thanks for the feedback – we appreciate it! We’ll get this passed onto the right team 💚 /CG",pair_2799_2798,"@116374 Hey Katie, thanks for the feedback – we appreciate it! We’ll get this passed onto the right team 💚 /CG","@144986 Hey Ben! Right now, there's a download limit of 3,333 tracks on 3 separate devices. We have more info here: https://t.co/WDXVuJV0dh /NS",,,,,,,,pending,,,,,
pair_128851_128849,MostFrequentBaseline,@spotifycares it's 2017 why do I have a 3333 offline song limit on my spotify? Do you really want @GooglePlayMusic to get that 9.99 a month off me? Ps pls emulate their local files synching.,,offline_downloads_issue,other_miscellaneous,@228591 We've just sent a DM your way. Let's carry on chatting there /PK,pair_478110_478112,@228591 We've just sent a DM your way. Let's carry on chatting there /PK,"@144986 Hey Ben! Right now, there's a download limit of 3,333 tracks on 3 separate devices. We have more info here: https://t.co/WDXVuJV0dh /NS",,,,,,,,pending,,,,,
pair_1369161_1369160,KeywordBaseline,@115888 why did y'all take jersey devil by Ducktails away?,,content_catalog_licensing,unclear_insufficient_context,@1084 Hey Nick! There's currently a 10k limit in Your Music (Songs + Albums + Artists). More info here: https://t.co/59ABtm5Ftl /MO,pair_2747480_2747478,@1084 Hey Nick! There's currently a 10k limit in Your Music (Songs + Albums + Artists). More info here: https://t.co/59ABtm5Ftl /MO,@438699 Hi! Sometimes content gets temporarily removed because of licensing changes. Hopefully we'll have it available again soon /RA,,,,,,,,pending,,,,,
pair_1369161_1369160,MostFrequentBaseline,@115888 why did y'all take jersey devil by Ducktails away?,,content_catalog_licensing,other_miscellaneous,@228591 We've just sent a DM your way. Let's carry on chatting there /PK,pair_478110_478112,@228591 We've just sent a DM your way. Let's carry on chatting there /PK,@438699 Hi! Sometimes content gets temporarily removed because of licensing changes. Hopefully we'll have it available again soon /RA,,,,,,,,pending,,,,,
pair_152224_152223,KeywordBaseline,why don't i have free hulu anymore? @115888,,plan_management_discount,plan_management_discount,"@118153 Hey, help's here! Can you DM us your account's email address? We'll take a look backstage /MG https://t.co/ldFdZRiNAt",pair_11310_11311,"@118153 Hey, help's here! Can you DM us your account's email address? We'll take a look backstage /MG https://t.co/ldFdZRiNAt","@150784 Hey there, we'd love to look into this for you. Can you DM us your account's username/email? We'll check backstage /JP https://t.co/ldFdZRiNAt",,,,,,,,pending,,,,,
pair_152224_152223,MostFrequentBaseline,why don't i have free hulu anymore? @115888,,plan_management_discount,other_miscellaneous,@228591 We've just sent a DM your way. Let's carry on chatting there /PK,pair_478110_478112,@228591 We've just sent a DM your way. Let's carry on chatting there /PK,"@150784 Hey there, we'd love to look into this for you. Can you DM us your account's username/email? We'll check backstage /JP https://t.co/ldFdZRiNAt",,,,,,,,pending,,,,,
pair_1657195_1657193,KeywordBaseline,I wish @115888 streamed audiobooks,,content_catalog_licensing,unclear_insufficient_context,@1084 Hey Nick! There's currently a 10k limit in Your Music (Songs + Albums + Artists). More info here: https://t.co/59ABtm5Ftl /MO,pair_2747480_2747478,@1084 Hey Nick! There's currently a 10k limit in Your Music (Songs + Albums + Artists). More info here: https://t.co/59ABtm5Ftl /MO,"@505641 Hey there! You can find our audiobooks in the Word section under the Browse tab. If you need anything else, just shout /JB",,,,,,,,pending,,,,,
pair_1657195_1657193,MostFrequentBaseline,I wish @115888 streamed audiobooks,,content_catalog_licensing,other_miscellaneous,@228591 We've just sent a DM your way. Let's carry on chatting there /PK,pair_478110_478112,@228591 We've just sent a DM your way. Let's carry on chatting there /PK,"@505641 Hey there! You can find our audiobooks in the Word section under the Browse tab. If you need anything else, just shout /JB",,,,,,,,pending,,,,,
pair_1694974_1694973,KeywordBaseline,@117153 Just signed up for spotify premium + hulu and I can't activate hulu because I can not load up the web page :(,,plan_management_discount,plan_management_discount,"@118153 Hey, help's here! Can you DM us your account's email address? We'll take a look backstage /MG https://t.co/ldFdZRiNAt",pair_11310_11311,"@118153 Hey, help's here! Can you DM us your account's email address? We'll take a look backstage /MG https://t.co/ldFdZRiNAt","@514264 Hey! Don't worry, we're on it. Our developers are looking into this, and we'll keep everyone updated /DF",,,,,,,,pending,,,,,
pair_1694974_1694973,MostFrequentBaseline,@117153 Just signed up for spotify premium + hulu and I can't activate hulu because I can not load up the web page :(,,plan_management_discount,other_miscellaneous,@228591 We've just sent a DM your way. Let's carry on chatting there /PK,pair_478110_478112,@228591 We've just sent a DM your way. Let's carry on chatting there /PK,"@514264 Hey! Don't worry, we're on it. Our developers are looking into this, and we'll keep everyone updated /DF",,,,,,,,pending,,,,,
pair_1789318_1789317,KeywordBaseline,"@115888 I can't play anything by Lorde, wtf m8? legal bs or a glitch?",,content_catalog_licensing,playback_streaming_issue,@115887 Could you send us a DM with your account's email address? We'll take a look backstage /CH https://t.co/ldFdZRiNAt,pair_849_851,@115887 Could you send us a DM with your account's email address? We'll take a look backstage /CH https://t.co/ldFdZRiNAt,"@537493 Hey there! Are you getting any specific error messages? If so, can you send us a screenshot of it? /FR",,,,,,,,pending,,,,,
pair_1789318_1789317,MostFrequentBaseline,"@115888 I can't play anything by Lorde, wtf m8? legal bs or a glitch?",,content_catalog_licensing,other_miscellaneous,@228591 We've just sent a DM your way. Let's carry on chatting there /PK,pair_478110_478112,@228591 We've just sent a DM your way. Let's carry on chatting there /PK,"@537493 Hey there! Are you getting any specific error messages? If so, can you send us a screenshot of it? /FR",,,,,,,,pending,,,,,
pair_1831276_1831275,KeywordBaseline,@spotifycares you charged me twice for my service this month,,billing_subscription_payment,billing_subscription_payment,@115999 We understand! Can you DM us both of your account's email addresses and usernames? We'll help out there 🙂 /CG https://t.co/ldFdZRiNAt,pair_893082_893084,@115999 We understand! Can you DM us both of your account's email addresses and usernames? We'll help out there 🙂 /CG https://t.co/ldFdZRiNAt,@278435 Hi! Help's here. Can you DM us your account's username or email address? We'll take a look under the hood /CP https://t.co/ldFdZRiNAt,,,,,,,,pending,,,,,
pair_1831276_1831275,MostFrequentBaseline,@spotifycares you charged me twice for my service this month,,billing_subscription_payment,other_miscellaneous,@228591 We've just sent a DM your way. Let's carry on chatting there /PK,pair_478110_478112,@228591 We've just sent a DM your way. Let's carry on chatting there /PK,@278435 Hi! Help's here. Can you DM us your account's username or email address? We'll take a look under the hood /CP https://t.co/ldFdZRiNAt,,,,,,,,pending,,,,,
pair_1882096_1882095,KeywordBaseline,"@3493 Excited to sign up for a family plan... gave up after 30 minutes of ""expired forms"" and ""Invalid Postal Codes.  Frustrating.",,plan_management_discount,plan_management_discount,"@118153 Hey, help's here! Can you DM us your account's email address? We'll take a look backstage /MG https://t.co/ldFdZRiNAt",pair_11310_11311,"@118153 Hey, help's here! Can you DM us your account's email address? We'll take a look backstage /MG https://t.co/ldFdZRiNAt","@561659 Hey there, help's here! Can you DM us a screenshot of what you're seeing on your end? We'll see what we can suggest 🙂 /CG https://t.co/ldFdZRiNAt",,,,,,,,pending,,,,,
pair_1882096_1882095,MostFrequentBaseline,"@3493 Excited to sign up for a family plan... gave up after 30 minutes of ""expired forms"" and ""Invalid Postal Codes.  Frustrating.",,plan_management_discount,other_miscellaneous,@228591 We've just sent a DM your way. Let's carry on chatting there /PK,pair_478110_478112,@228591 We've just sent a DM your way. Let's carry on chatting there /PK,"@561659 Hey there, help's here! Can you DM us a screenshot of what you're seeing on your end? We'll see what we can suggest 🙂 /CG https://t.co/ldFdZRiNAt",,,,,,,,pending,,,,,
pair_1989696_1989695,KeywordBaseline,"@SpotifyCares It says you gave me a gift for my birthday, but I don't have a credit card. Can you just give my account premium?",,plan_management_discount,billing_subscription_payment,@115999 We understand! Can you DM us both of your account's email addresses and usernames? We'll help out there 🙂 /CG https://t.co/ldFdZRiNAt,pair_893082_893084,@115999 We understand! Can you DM us both of your account's email addresses and usernames? We'll help out there 🙂 /CG https://t.co/ldFdZRiNAt,"@588834 Hi there! Just to clarify, was it from an email you received? If so, can you DM us the content so we could have it checked? /JM https://t.co/ldFdZRiNAt",,,,,,,,pending,,,,,
pair_1989696_1989695,MostFrequentBaseline,"@SpotifyCares It says you gave me a gift for my birthday, but I don't have a credit card. Can you just give my account premium?",,plan_management_discount,other_miscellaneous,@228591 We've just sent a DM your way. Let's carry on chatting there /PK,pair_478110_478112,@228591 We've just sent a DM your way. Let's carry on chatting there /PK,"@588834 Hi there! Just to clarify, was it from an email you received? If so, can you DM us the content so we could have it checked? /JM https://t.co/ldFdZRiNAt",,,,,,,,pending,,,,,
pair_199121_199122,KeywordBaseline,@SpotifyCares Please don’t make this the default view of artwork when playing a song. Thanks. https://t.co/ihBfPlxirS,,other_miscellaneous,playback_streaming_issue,@115887 Could you send us a DM with your account's email address? We'll take a look backstage /CH https://t.co/ldFdZRiNAt,pair_849_851,@115887 Could you send us a DM with your account's email address? We'll take a look backstage /CH https://t.co/ldFdZRiNAt,@162922 1: Hi Jonny! Thanks for your feedback. Only some Spotify-created playlists currently have that format. We're always testing things in...,,,,,,,,pending,,,,,
pair_199121_199122,MostFrequentBaseline,@SpotifyCares Please don’t make this the default view of artwork when playing a song. Thanks. https://t.co/ihBfPlxirS,,other_miscellaneous,other_miscellaneous,@228591 We've just sent a DM your way. Let's carry on chatting there /PK,pair_478110_478112,@228591 We've just sent a DM your way. Let's carry on chatting there /PK,@162922 1: Hi Jonny! Thanks for your feedback. Only some Spotify-created playlists currently have that format. We're always testing things in...,,,,,,,,pending,,,,,
pair_199174_199172,KeywordBaseline,@115888 if you made speakers with the same functionality as Sonos (sound quality too) you'd take over the world,,other_miscellaneous,app_technical_device,"@115887 Thanks. Just to be sure, are you Free or Premium? Also, can you give us more info on what happens when you try using it? /CB",pair_853_852,"@115887 Thanks. Just to be sure, are you Free or Premium? Also, can you give us more info on what happens when you try using it? /CB","@162936 We hear you loud and clear, Jamie! Your feedback has been noted and passed onto the team 👊🏼 /MA",,,,,,,,pending,,,,,
pair_199174_199172,MostFrequentBaseline,@115888 if you made speakers with the same functionality as Sonos (sound quality too) you'd take over the world,,other_miscellaneous,other_miscellaneous,@228591 We've just sent a DM your way. Let's carry on chatting there /PK,pair_478110_478112,@228591 We've just sent a DM your way. Let's carry on chatting there /PK,"@162936 We hear you loud and clear, Jamie! Your feedback has been noted and passed onto the team 👊🏼 /MA",,,,,,,,pending,,,,,
pair_2105372_2105371,KeywordBaseline,"@SpotifyCares Hi, I am unable to change my emailadress for my account, it is created with facebook but it does not take the emailadress that is on the facebook page, help? The account in question is named 1140718189, got that weird username due to an earlier problem.",,account_access_credentials,account_access_credentials,@487657 Hey! We’re sorry to hear that. Check out https://t.co/QHn3okq8TV for what to do next /BH,pair_1584824_1584823,@487657 Hey! We’re sorry to hear that. Check out https://t.co/QHn3okq8TV for what to do next /BH,@621446 Hey! Can you fire over your account's email address or username via DM? We'll take a look backstage /RC https://t.co/ldFdZRiNAt,,,,,,,,pending,,,,,
pair_2105372_2105371,MostFrequentBaseline,"@SpotifyCares Hi, I am unable to change my emailadress for my account, it is created with facebook but it does not take the emailadress that is on the facebook page, help? The account in question is named 1140718189, got that weird username due to an earlier problem.",,account_access_credentials,other_miscellaneous,@228591 We've just sent a DM your way. Let's carry on chatting there /PK,pair_478110_478112,@228591 We've just sent a DM your way. Let's carry on chatting there /PK,@621446 Hey! Can you fire over your account's email address or username via DM? We'll take a look backstage /RC https://t.co/ldFdZRiNAt,,,,,,,,pending,,,,,
pair_2206044_2206046,KeywordBaseline,@SpotifyCares Just updated Spotify and it will play 1 song on album shuffle and then just stop playing,"Customer: Anybody else's Spotify app messing up? @115888
Brand: @645011 Hey there! What's happening exactly? Can you let us know the device, operating system, and Spotify version you're using? /MA",playback_streaming_issue,playlist_library_curation,"@115887 Hey! What device, operating system, and Spotify version are you using? We'll see what we can suggest /CB",pair_855_854,"@115887 Hey! What device, operating system, and Spotify version are you using? We'll see what we can suggest /CB",@645011 That's not cool. Does logging out &gt; restarting the device &gt; logging back in help? Keep us posted /KL,,,,,,,,pending,,,,,
pair_2206044_2206046,MostFrequentBaseline,@SpotifyCares Just updated Spotify and it will play 1 song on album shuffle and then just stop playing,"Customer: Anybody else's Spotify app messing up? @115888
Brand: @645011 Hey there! What's happening exactly? Can you let us know the device, operating system, and Spotify version you're using? /MA",playback_streaming_issue,other_miscellaneous,@228591 We've just sent a DM your way. Let's carry on chatting there /PK,pair_478110_478112,@228591 We've just sent a DM your way. Let's carry on chatting there /PK,@645011 That's not cool. Does logging out &gt; restarting the device &gt; logging back in help? Keep us posted /KL,,,,,,,,pending,,,,,
pair_2284413_2284411,KeywordBaseline,@SpotifyCares Thanks a bunch. 👍👍👍👍,"Customer: @115888 can you guys pls make Nigeria part of your region! Plsss we love music too!!!
Brand: @663845 Hey! We've just replied to your DM. Check your Messages 🙂 /BM",content_catalog_licensing,other_miscellaneous,@228591 We've just sent a DM your way. Let's carry on chatting there /PK,pair_478110_478112,@228591 We've just sent a DM your way. Let's carry on chatting there /PK,@663845 No worries! Let us know if we can help you with anything else /BM,,,,,,,,pending,,,,,
pair_2284413_2284411,MostFrequentBaseline,@SpotifyCares Thanks a bunch. 👍👍👍👍,"Customer: @115888 can you guys pls make Nigeria part of your region! Plsss we love music too!!!
Brand: @663845 Hey! We've just replied to your DM. Check your Messages 🙂 /BM",content_catalog_licensing,other_miscellaneous,@228591 We've just sent a DM your way. Let's carry on chatting there /PK,pair_478110_478112,@228591 We've just sent a DM your way. Let's carry on chatting there /PK,@663845 No worries! Let us know if we can help you with anything else /BM,,,,,,,,pending,,,,,
pair_2517250_2517253,KeywordBaseline,@SpotifyCares Gooood lookin,"Customer: @115888 can yall do me a big favor
Brand: @717059 Hey there! What can we do for you today? 🙂 /KT
Customer: @SpotifyCares Brooooo im real life struggling and I need the spotify premium b
Brand: @717059 Don't worry. If you haven't had Premium yet, you can get a free trial at https://t.co/WB5TSxRfDe 🙂 /KT",plan_management_discount,unclear_insufficient_context,@1084 Hey Nick! There's currently a 10k limit in Your Music (Songs + Albums + Artists). More info here: https://t.co/59ABtm5Ftl /MO,pair_2747480_2747478,@1084 Hey Nick! There's currently a 10k limit in Your Music (Songs + Albums + Artists). More info here: https://t.co/59ABtm5Ftl /MO,"@717059 Cool! If you ever need us again, just... https://t.co/AUc7DGJpgF 💚 /KT",,,,,,,,pending,,,,,
pair_2517250_2517253,MostFrequentBaseline,@SpotifyCares Gooood lookin,"Customer: @115888 can yall do me a big favor
Brand: @717059 Hey there! What can we do for you today? 🙂 /KT
Customer: @SpotifyCares Brooooo im real life struggling and I need the spotify premium b
Brand: @717059 Don't worry. If you haven't had Premium yet, you can get a free trial at https://t.co/WB5TSxRfDe 🙂 /KT",plan_management_discount,other_miscellaneous,@228591 We've just sent a DM your way. Let's carry on chatting there /PK,pair_478110_478112,@228591 We've just sent a DM your way. Let's carry on chatting there /PK,"@717059 Cool! If you ever need us again, just... https://t.co/AUc7DGJpgF 💚 /KT",,,,,,,,pending,,,,,
pair_2549174_2549173,KeywordBaseline,https://t.co/dtqkjEe0yY @SpotifyCares ? Really? @115888 @116130 @117168 @125633,,unclear_insufficient_context,other_miscellaneous,@228591 We've just sent a DM your way. Let's carry on chatting there /PK,pair_478110_478112,@228591 We've just sent a DM your way. Let's carry on chatting there /PK,@724311 Hey Mari! Can you give us a little more info on what the issue is? We'll see what we can suggest /K,,,,,,,,pending,,,,,
pair_2549174_2549173,MostFrequentBaseline,https://t.co/dtqkjEe0yY @SpotifyCares ? Really? @115888 @116130 @117168 @125633,,unclear_insufficient_context,other_miscellaneous,@228591 We've just sent a DM your way. Let's carry on chatting there /PK,pair_478110_478112,@228591 We've just sent a DM your way. Let's carry on chatting there /PK,@724311 Hey Mari! Can you give us a little more info on what the issue is? We'll see what we can suggest /K,,,,,,,,pending,,,,,
pair_257844_257843,KeywordBaseline,@SpotifyCares I am having a similar issue. When I paste my bio it isn't showing up. It is also not letting me paste my wiki link.,"Customer: Great news: You can now edit your artist bio on Spotify! Learn more here: https://t.co/IpYag6Y4RH https://t.co/u2eZp4OgDv
Customer: @125633 I'm not able to click in the box to type to add my bio?!?!?! Has anyone else had this problem?
Brand: @177342 Hi Mali, help's here! What device are you trying to edit your artist bio from? Have you tried an incognito window or different browser? /T",content_catalog_licensing,content_catalog_licensing,"@116129 1: Thanks! Looks like those albums are currently unavailable. Fingers crossed we'll be able to have them soon, but there's info about...",pair_1877_1880,"@116129 1: Thanks! Looks like those albums are currently unavailable. Fingers crossed we'll be able to have them soon, but there's info about...",@177341 2: You might also want to try using an incognito window. Let us know how it goes /MQ,,,,,,,,pending,,,,,
pair_257844_257843,MostFrequentBaseline,@SpotifyCares I am having a similar issue. When I paste my bio it isn't showing up. It is also not letting me paste my wiki link.,"Customer: Great news: You can now edit your artist bio on Spotify! Learn more here: https://t.co/IpYag6Y4RH https://t.co/u2eZp4OgDv
Customer: @125633 I'm not able to click in the box to type to add my bio?!?!?! Has anyone else had this problem?
Brand: @177342 Hi Mali, help's here! What device are you trying to edit your artist bio from? Have you tried an incognito window or different browser? /T",content_catalog_licensing,other_miscellaneous,@228591 We've just sent a DM your way. Let's carry on chatting there /PK,pair_478110_478112,@228591 We've just sent a DM your way. Let's carry on chatting there /PK,@177341 2: You might also want to try using an incognito window. Let us know how it goes /MQ,,,,,,,,pending,,,,,
pair_257849_1802422,KeywordBaseline,@125633 Is there a tool to post a playlist from an artist page yet? It'd be good to share playlists with fans that don't lead back to personal page,Customer: Great news: You can now edit your artist bio on Spotify! Learn more here: https://t.co/IpYag6Y4RH https://t.co/u2eZp4OgDv,playlist_library_curation,content_catalog_licensing,"@116129 1: Thanks! Looks like those albums are currently unavailable. Fingers crossed we'll be able to have them soon, but there's info about...",pair_1877_1880,"@116129 1: Thanks! Looks like those albums are currently unavailable. Fingers crossed we'll be able to have them soon, but there's info about...","@541590 Hey! You can contact our Artist team here: https://t.co/p1wbtdELHu! If you've reached out, DM us your email address &amp; we'll chase it up /Q https://t.co/ldFdZRiNAt",,,,,,,,pending,,,,,
pair_257849_1802422,MostFrequentBaseline,@125633 Is there a tool to post a playlist from an artist page yet? It'd be good to share playlists with fans that don't lead back to personal page,Customer: Great news: You can now edit your artist bio on Spotify! Learn more here: https://t.co/IpYag6Y4RH https://t.co/u2eZp4OgDv,playlist_library_curation,other_miscellaneous,@228591 We've just sent a DM your way. Let's carry on chatting there /PK,pair_478110_478112,@228591 We've just sent a DM your way. Let's carry on chatting there /PK,"@541590 Hey! You can contact our Artist team here: https://t.co/p1wbtdELHu! If you've reached out, DM us your email address &amp; we'll chase it up /Q https://t.co/ldFdZRiNAt",,,,,,,,pending,,,,,
pair_280591_280590,KeywordBaseline,@115888 why don't you work on my wifi traveling to work? And your app isn't given me the option to upgrade to premium.. my data is low,,plan_management_discount,plan_management_discount,"@118153 Hey, help's here! Can you DM us your account's email address? We'll take a look backstage /MG https://t.co/ldFdZRiNAt",pair_11310_11311,"@118153 Hey, help's here! Can you DM us your account's email address? We'll take a look backstage /MG https://t.co/ldFdZRiNAt",@182850 1: Hey Sophie! Can you let us know your device's make/model and the versions of its OS and the Spotify app? We'll see what we can do to help,,,,,,,,pending,,,,,
pair_280591_280590,MostFrequentBaseline,@115888 why don't you work on my wifi traveling to work? And your app isn't given me the option to upgrade to premium.. my data is low,,plan_management_discount,other_miscellaneous,@228591 We've just sent a DM your way. Let's carry on chatting there /PK,pair_478110_478112,@228591 We've just sent a DM your way. Let's carry on chatting there /PK,@182850 1: Hey Sophie! Can you let us know your device's make/model and the versions of its OS and the Spotify app? We'll see what we can do to help,,,,,,,,pending,,,,,
pair_322402_322401,KeywordBaseline,@SpotifyCares I haven’t been able to skip a song on my phone in 2 weeks? I thought you got 5 a day?,,playback_streaming_issue,other_miscellaneous,@228591 We've just sent a DM your way. Let's carry on chatting there /PK,pair_478110_478112,@228591 We've just sent a DM your way. Let's carry on chatting there /PK,@192808 Hi there! Help's here. Can you see if logging out &gt; restarting your device &gt; logging back in makes a difference Keep us posted /MU,,,,,,,,pending,,,,,
pair_322402_322401,MostFrequentBaseline,@SpotifyCares I haven’t been able to skip a song on my phone in 2 weeks? I thought you got 5 a day?,,playback_streaming_issue,other_miscellaneous,@228591 We've just sent a DM your way. Let's carry on chatting there /PK,pair_478110_478112,@228591 We've just sent a DM your way. Let's carry on chatting there /PK,@192808 Hi there! Help's here. Can you see if logging out &gt; restarting your device &gt; logging back in makes a difference Keep us posted /MU,,,,,,,,pending,,,,,
pair_371972_371971,KeywordBaseline,@SpotifyCares I've been trying to get access to my artist page for two months. Is the wait normal?Is there anything I can do to speed it up?,,content_catalog_licensing,content_catalog_licensing,"@116129 1: Thanks! Looks like those albums are currently unavailable. Fingers crossed we'll be able to have them soon, but there's info about...",pair_1877_1880,"@116129 1: Thanks! Looks like those albums are currently unavailable. Fingers crossed we'll be able to have them soon, but there's info about...","@204112 Hey there! Could you DM us your artist URI, and your contact email address? We’ll chase this up /NQ https://t.co/ldFdZRiNAt",,,,,,,,pending,,,,,
pair_371972_371971,MostFrequentBaseline,@SpotifyCares I've been trying to get access to my artist page for two months. Is the wait normal?Is there anything I can do to speed it up?,,content_catalog_licensing,other_miscellaneous,@228591 We've just sent a DM your way. Let's carry on chatting there /PK,pair_478110_478112,@228591 We've just sent a DM your way. Let's carry on chatting there /PK,"@204112 Hey there! Could you DM us your artist URI, and your contact email address? We’ll chase this up /NQ https://t.co/ldFdZRiNAt",,,,,,,,pending,,,,,
pair_378898_378897,KeywordBaseline,@115888 pls I’m pretty sure this is not what u call a shuffle lol https://t.co/5JeEKhMKLb,Customer: honestly hmu when @115888 shuffle doesn’t let me down,playlist_library_curation,playlist_library_curation,"@115887 Hey! What device, operating system, and Spotify version are you using? We'll see what we can suggest /CB",pair_855_854,"@115887 Hey! What device, operating system, and Spotify version are you using? We'll see what we can suggest /CB",@205917 Hey! Looks like you're using Connect. The right team are aware of this issue between Shuffle and Connect and they're investigating /RH,,,,,,,,pending,,,,,
pair_378898_378897,MostFrequentBaseline,@115888 pls I’m pretty sure this is not what u call a shuffle lol https://t.co/5JeEKhMKLb,Customer: honestly hmu when @115888 shuffle doesn’t let me down,playlist_library_curation,other_miscellaneous,@228591 We've just sent a DM your way. Let's carry on chatting there /PK,pair_478110_478112,@228591 We've just sent a DM your way. Let's carry on chatting there /PK,@205917 Hey! Looks like you're using Connect. The right team are aware of this issue between Shuffle and Connect and they're investigating /RH,,,,,,,,pending,,,,,
pair_384897_384896,KeywordBaseline,@spotifycares my student discount wasn’t applied to this months bill and I’m not paying £10? Please can you sort,,billing_subscription_payment,billing_subscription_payment,@115999 We understand! Can you DM us both of your account's email addresses and usernames? We'll help out there 🙂 /CG https://t.co/ldFdZRiNAt,pair_893082_893084,@115999 We understand! Can you DM us both of your account's email addresses and usernames? We'll help out there 🙂 /CG https://t.co/ldFdZRiNAt,@207123 Hi there! Can you DM us your account's email address and username? We'll take a closer look /SC https://t.co/ldFdZRiNAt,,,,,,,,pending,,,,,
pair_384897_384896,MostFrequentBaseline,@spotifycares my student discount wasn’t applied to this months bill and I’m not paying £10? Please can you sort,,billing_subscription_payment,other_miscellaneous,@228591 We've just sent a DM your way. Let's carry on chatting there /PK,pair_478110_478112,@228591 We've just sent a DM your way. Let's carry on chatting there /PK,@207123 Hi there! Can you DM us your account's email address and username? We'll take a closer look /SC https://t.co/ldFdZRiNAt,,,,,,,,pending,,,,,
pair_396203_396204,KeywordBaseline,@SpotifyCares Just sent you a DM,"Customer: @SpotifyCares Hi I was wondering when the Recently Played Artists section is going to be fixed? Mine hasn’t updated in months, many thanks
Brand: @209815 Hey Alex, help's here. Can you let us know the device, OS, and Spotify version you're using? We'll see what we can suggest /KL
Customer: @SpotifyCares I’m using a MacBook Air, macOS Sierra (10.12.6) &amp; the latest version of Spotify (1.0.65.320). I’ve tried clearing the storage cache as well.
Brand: @209815 Thanks! Is this happening while connected to WiFi, 3G/4G or both? /KL
Customer: @SpotifyCares I’m just on WiFi.
Brand: @209815 Got it. Have you tried connecting to another network? Keep us in the loop /KL
Customer: @SpotifyCares I’m at uni right now, so I’m with their ISP, it’s been the same back home with my ISP, so yes I’ve been on different networks.
Brand: @209815 Okay! Does logging out &gt; restarting the device &gt; logging back in help? Keep us posted /KL
Customer: @SpotifyCares It doesn’t no, I don’t think it’s an issue with my computer. I’ve seen online that other people’s recently played doesn’t update as well.
Brand: @209815 That's odd. Just to be sure, are you usually on Private Session? If so, this might be the reason why it hasn't updated /KL
Customer: @SpotifyCares No I don’t use a private session, I think it’s not updating with a server or something, that’s why there’s artists I don’t listen to on it.
Brand: @209815 Can you DM us your account's username and email address? We'll take a look backstage /KL https://t.co/ldFdZRiNAt",playlist_library_curation,offline_downloads_issue,"@116374 Hey Katie, thanks for the feedback – we appreciate it! We’ll get this passed onto the right team 💚 /CG",pair_2799_2798,"@116374 Hey Katie, thanks for the feedback – we appreciate it! We’ll get this passed onto the right team 💚 /CG",@209815 Hey Alex! We've just sent you a DM. Let's carry on chatting there 🙂 /KL,,,,,,,,pending,,,,,
pair_396203_396204,MostFrequentBaseline,@SpotifyCares Just sent you a DM,"Customer: @SpotifyCares Hi I was wondering when the Recently Played Artists section is going to be fixed? Mine hasn’t updated in months, many thanks
Brand: @209815 Hey Alex, help's here. Can you let us know the device, OS, and Spotify version you're using? We'll see what we can suggest /KL
Customer: @SpotifyCares I’m using a MacBook Air, macOS Sierra (10.12.6) &amp; the latest version of Spotify (1.0.65.320). I’ve tried clearing the storage cache as well.
Brand: @209815 Thanks! Is this happening while connected to WiFi, 3G/4G or both? /KL
Customer: @SpotifyCares I’m just on WiFi.
Brand: @209815 Got it. Have you tried connecting to another network? Keep us in the loop /KL
Customer: @SpotifyCares I’m at uni right now, so I’m with their ISP, it’s been the same back home with my ISP, so yes I’ve been on different networks.
Brand: @209815 Okay! Does logging out &gt; restarting the device &gt; logging back in help? Keep us posted /KL
Customer: @SpotifyCares It doesn’t no, I don’t think it’s an issue with my computer. I’ve seen online that other people’s recently played doesn’t update as well.
Brand: @209815 That's odd. Just to be sure, are you usually on Private Session? If so, this might be the reason why it hasn't updated /KL
Customer: @SpotifyCares No I don’t use a private session, I think it’s not updating with a server or something, that’s why there’s artists I don’t listen to on it.
Brand: @209815 Can you DM us your account's username and email address? We'll take a look backstage /KL https://t.co/ldFdZRiNAt",playlist_library_curation,other_miscellaneous,@228591 We've just sent a DM your way. Let's carry on chatting there /PK,pair_478110_478112,@228591 We've just sent a DM your way. Let's carry on chatting there /PK,@209815 Hey Alex! We've just sent you a DM. Let's carry on chatting there 🙂 /KL,,,,,,,,pending,,,,,
pair_404220_404219,KeywordBaseline,"@SpotifyCares Really getting fed up with this app that can’t maintain downloaded files, has been a problem for over a year for me",Customer: .@SpotifyCares standing at an airport terminal and found that my iPhone Spotify app deleted my entire downloaded library for the 12th time.,offline_downloads_issue,offline_downloads_issue,"@116374 Hey Katie, thanks for the feedback – we appreciate it! We’ll get this passed onto the right team 💚 /CG",pair_2799_2798,"@116374 Hey Katie, thanks for the feedback – we appreciate it! We’ll get this passed onto the right team 💚 /CG","@211677 1: Hey Chase, sorry to hear that! Check out the steps under “Downloads unexpectedly removed”...",,,,,,,,pending,,,,,
pair_404220_404219,MostFrequentBaseline,"@SpotifyCares Really getting fed up with this app that can’t maintain downloaded files, has been a problem for over a year for me",Customer: .@SpotifyCares standing at an airport terminal and found that my iPhone Spotify app deleted my entire downloaded library for the 12th time.,offline_downloads_issue,other_miscellaneous,@228591 We've just sent a DM your way. Let's carry on chatting there /PK,pair_478110_478112,@228591 We've just sent a DM your way. Let's carry on chatting there /PK,"@211677 1: Hey Chase, sorry to hear that! Check out the steps under “Downloads unexpectedly removed”...",,,,,,,,pending,,,,,
pair_465262_465265,KeywordBaseline,@SpotifyCares __email__,"Customer: Help @SpotifyCares
Customer: @SpotifyCares Im using a Samsung galaxy s7
Brand: @225673 Can you fire over your account's email address? We'll take a look backstage /RA",account_access_credentials,account_access_credentials,@487657 Hey! We’re sorry to hear that. Check out https://t.co/QHn3okq8TV for what to do next /BH,pair_1584824_1584823,@487657 Hey! We’re sorry to hear that. Check out https://t.co/QHn3okq8TV for what to do next /BH,"@225673 Oops, sorry about that. For security reasons, we'd suggest removing the tweet that contains your email address and sending us a DM instead /RA https://t.co/ldFdZRiNAt",,,,,,,,pending,,,,,
pair_465262_465265,MostFrequentBaseline,@SpotifyCares __email__,"Customer: Help @SpotifyCares
Customer: @SpotifyCares Im using a Samsung galaxy s7
Brand: @225673 Can you fire over your account's email address? We'll take a look backstage /RA",account_access_credentials,other_miscellaneous,@228591 We've just sent a DM your way. Let's carry on chatting there /PK,pair_478110_478112,@228591 We've just sent a DM your way. Let's carry on chatting there /PK,"@225673 Oops, sorry about that. For security reasons, we'd suggest removing the tweet that contains your email address and sending us a DM instead /RA https://t.co/ldFdZRiNAt",,,,,,,,pending,,,,,
pair_539211_539210,KeywordBaseline,@115888 I just paid for a full year for a discount. What I didn't realise is that I just paid 3 days ago for my next month of service. Wil I get those extra 27 days tacked onto my year of paid service?,,billing_subscription_payment,billing_subscription_payment,@115999 We understand! Can you DM us both of your account's email addresses and usernames? We'll help out there 🙂 /CG https://t.co/ldFdZRiNAt,pair_893082_893084,@115999 We understand! Can you DM us both of your account's email addresses and usernames? We'll help out there 🙂 /CG https://t.co/ldFdZRiNAt,"@245032 Hey Mick, help's here! Can you send over the username or email address on your account? We'll take a look backstage /GN https://t.co/ldFdZRiNAt",,,,,,,,pending,,,,,
pair_539211_539210,MostFrequentBaseline,@115888 I just paid for a full year for a discount. What I didn't realise is that I just paid 3 days ago for my next month of service. Wil I get those extra 27 days tacked onto my year of paid service?,,billing_subscription_payment,other_miscellaneous,@228591 We've just sent a DM your way. Let's carry on chatting there /PK,pair_478110_478112,@228591 We've just sent a DM your way. Let's carry on chatting there /PK,"@245032 Hey Mick, help's here! Can you send over the username or email address on your account? We'll take a look backstage /GN https://t.co/ldFdZRiNAt",,,,,,,,pending,,,,,
pair_54539_54538,KeywordBaseline,What? Kool Keith's album Dr. Octogonocologist isn't on @115888? Do I have to switch back to Google Play Music?,,content_catalog_licensing,other_miscellaneous,@228591 We've just sent a DM your way. Let's carry on chatting there /PK,pair_478110_478112,@228591 We've just sent a DM your way. Let's carry on chatting there /PK,@128357 Hi Matt. We’ll have it available to you as soon as it’s available to us! More info at https://t.co/0i8GpimuDa /DV,,,,,,,,pending,,,,,
pair_54539_54538,MostFrequentBaseline,What? Kool Keith's album Dr. Octogonocologist isn't on @115888? Do I have to switch back to Google Play Music?,,content_catalog_licensing,other_miscellaneous,@228591 We've just sent a DM your way. Let's carry on chatting there /PK,pair_478110_478112,@228591 We've just sent a DM your way. Let's carry on chatting there /PK,@128357 Hi Matt. We’ll have it available to you as soon as it’s available to us! More info at https://t.co/0i8GpimuDa /DV,,,,,,,,pending,,,,,
pair_555496_555495,KeywordBaseline,"@SpotifyCares I'm a Premium member. Recently, all of my playlists got deleted. I'm gutted - some of them were up to tens years old. Can you do anything to get them back?",,playlist_library_curation,playlist_library_curation,"@115887 Hey! What device, operating system, and Spotify version are you using? We'll see what we can suggest /CB",pair_855_854,"@115887 Hey! What device, operating system, and Spotify version are you using? We'll see what we can suggest /CB","@249705 Hey, that doesn't sound fun! Can you fire over your account's username or email address via DM? We'll see what we can do /TK https://t.co/ldFdZR1cbT",,,,,,,,pending,,,,,
pair_555496_555495,MostFrequentBaseline,"@SpotifyCares I'm a Premium member. Recently, all of my playlists got deleted. I'm gutted - some of them were up to tens years old. Can you do anything to get them back?",,playlist_library_curation,other_miscellaneous,@228591 We've just sent a DM your way. Let's carry on chatting there /PK,pair_478110_478112,@228591 We've just sent a DM your way. Let's carry on chatting there /PK,"@249705 Hey, that doesn't sound fun! Can you fire over your account's username or email address via DM? We'll see what we can do /TK https://t.co/ldFdZR1cbT",,,,,,,,pending,,,,,
pair_639956_639955,KeywordBaseline,answere me @137960 @115888 @SpotifyCares @125633 https://t.co/RTFespyDkR,,unclear_insufficient_context,other_miscellaneous,@228591 We've just sent a DM your way. Let's carry on chatting there /PK,pair_478110_478112,@228591 We've just sent a DM your way. Let's carry on chatting there /PK,@271805 Hey! Help's here. Could you DM us some more info? We'll see what we can do /C https://t.co/ldFdZRiNAt,,,,,,,,pending,,,,,
pair_639956_639955,MostFrequentBaseline,answere me @137960 @115888 @SpotifyCares @125633 https://t.co/RTFespyDkR,,unclear_insufficient_context,other_miscellaneous,@228591 We've just sent a DM your way. Let's carry on chatting there /PK,pair_478110_478112,@228591 We've just sent a DM your way. Let's carry on chatting there /PK,@271805 Hey! Help's here. Could you DM us some more info? We'll see what we can do /C https://t.co/ldFdZRiNAt,,,,,,,,pending,,,,,
pair_662956_662955,KeywordBaseline,"@118266 udah daftar premium tapi gak bisa log in, bisa dibantu @118266 ?",,account_access_credentials,account_access_credentials,@487657 Hey! We’re sorry to hear that. Check out https://t.co/QHn3okq8TV for what to do next /BH,pair_1584824_1584823,@487657 Hey! We’re sorry to hear that. Check out https://t.co/QHn3okq8TV for what to do next /BH,"@277957 Hey! We can help out in English via Twitter, but we also have Indonesian support via email at https://t.co/ZgU70TbP8M /RH",,,,,,,,pending,,,,,
pair_662956_662955,MostFrequentBaseline,"@118266 udah daftar premium tapi gak bisa log in, bisa dibantu @118266 ?",,account_access_credentials,other_miscellaneous,@228591 We've just sent a DM your way. Let's carry on chatting there /PK,pair_478110_478112,@228591 We've just sent a DM your way. Let's carry on chatting there /PK,"@277957 Hey! We can help out in English via Twitter, but we also have Indonesian support via email at https://t.co/ZgU70TbP8M /RH",,,,,,,,pending,,,,,
pair_678420_678421,KeywordBaseline,"Hey @115888, the Stranger Things overlay is cool and all, but it's killing my CPU and, thus, my battery. According to https://t.co/CAjBbiPH8x, this is an ad. As a paying subscriber, why am I not able to disable these ads?",,app_technical_device,app_technical_device,"@115887 Thanks. Just to be sure, are you Free or Premium? Also, can you give us more info on what happens when you try using it? /CB",pair_853_852,"@115887 Thanks. Just to be sure, are you Free or Premium? Also, can you give us more info on what happens when you try using it? /CB",@281865 We understand. Can you DM us your account's username or email address? We'll take a look backstage /PL https://t.co/ldFdZRiNAt,,,,,,,,pending,,,,,
pair_678420_678421,MostFrequentBaseline,"Hey @115888, the Stranger Things overlay is cool and all, but it's killing my CPU and, thus, my battery. According to https://t.co/CAjBbiPH8x, this is an ad. As a paying subscriber, why am I not able to disable these ads?",,app_technical_device,other_miscellaneous,@228591 We've just sent a DM your way. Let's carry on chatting there /PK,pair_478110_478112,@228591 We've just sent a DM your way. Let's carry on chatting there /PK,@281865 We understand. Can you DM us your account's username or email address? We'll take a look backstage /PL https://t.co/ldFdZRiNAt,,,,,,,,pending,,,,,
pair_739013_739011,KeywordBaseline,how cant SPOTIFY be available in my countryyyyyy wtf,,other_miscellaneous,other_miscellaneous,@228591 We've just sent a DM your way. Let's carry on chatting there /PK,pair_478110_478112,@228591 We've just sent a DM your way. Let's carry on chatting there /PK,@296744 Hey there! Could you let us know the country you're currently in? We'll keep an eye out for your reply /LP,,,,,,,,pending,,,,,
pair_739013_739011,MostFrequentBaseline,how cant SPOTIFY be available in my countryyyyyy wtf,,other_miscellaneous,other_miscellaneous,@228591 We've just sent a DM your way. Let's carry on chatting there /PK,pair_478110_478112,@228591 We've just sent a DM your way. Let's carry on chatting there /PK,@296744 Hey there! Could you let us know the country you're currently in? We'll keep an eye out for your reply /LP,,,,,,,,pending,,,,,
pair_753650_1870105,KeywordBaseline,"@SpotifyCares If I uninstall Spotify and reinstall it, will my saved playlists delete? Would I have to start new?","Brand: Attention playlist curators! We have two @16134 Wireless Multi-Room Speakers up for grabs. Go.
https://t.co/2rlqX1mY4G",playlist_library_curation,playlist_library_curation,"@115887 Hey! What device, operating system, and Spotify version are you using? We'll see what we can suggest /CB",pair_855_854,"@115887 Hey! What device, operating system, and Spotify version are you using? We'll see what we can suggest /CB",@558533 Hey Nelly! Are you referring to music that you saved for offline or just in Your Library? /GS,,,,,,,,pending,,,,,
pair_753650_1870105,MostFrequentBaseline,"@SpotifyCares If I uninstall Spotify and reinstall it, will my saved playlists delete? Would I have to start new?","Brand: Attention playlist curators! We have two @16134 Wireless Multi-Room Speakers up for grabs. Go.
https://t.co/2rlqX1mY4G",playlist_library_curation,other_miscellaneous,@228591 We've just sent a DM your way. Let's carry on chatting there /PK,pair_478110_478112,@228591 We've just sent a DM your way. Let's carry on chatting there /PK,@558533 Hey Nelly! Are you referring to music that you saved for offline or just in Your Library? /GS,,,,,,,,pending,,,,,
pair_839957_839956,KeywordBaseline,@SpotifyCares @115888 @13582 CC: @319835,,unclear_insufficient_context,unclear_insufficient_context,@1084 Hey Nick! There's currently a 10k limit in Your Music (Songs + Albums + Artists). More info here: https://t.co/59ABtm5Ftl /MO,pair_2747480_2747478,@1084 Hey Nick! There's currently a 10k limit in Your Music (Songs + Albums + Artists). More info here: https://t.co/59ABtm5Ftl /MO,@319834 Hey Ben! Can you let us know the country your account is set to? We'll take a look backstage /LO,,,,,,,,pending,,,,,
pair_839957_839956,MostFrequentBaseline,@SpotifyCares @115888 @13582 CC: @319835,,unclear_insufficient_context,other_miscellaneous,@228591 We've just sent a DM your way. Let's carry on chatting there /PK,pair_478110_478112,@228591 We've just sent a DM your way. Let's carry on chatting there /PK,@319834 Hey Ben! Can you let us know the country your account is set to? We'll take a look backstage /LO,,,,,,,,pending,,,,,
pair_848550_848549,KeywordBaseline,@SpotifyCares @115888 @127972 Thank you!😊Lots of #Roku users really love #Spotify but it's so frustrating that an important feature like playlists is missing atm!😔#RokuUK,"Customer: .@SpotifyCares Any update RE: lack of #Spotify playlists on @127972?🤷Lack of @181080 from @115888 on this is crazy!😳😕#Roku #RokuUK https://t.co/PWLDJNgP0K
Brand: @295152 Hey there! We have some info about the Spotify app on Roku here: https://t.co/titMn0j3Im. Give us a shout if there's anything else /AC
Customer: @SpotifyCares Thanks!😊But, that info is from March 2017: many users in #RokuUK &amp; other regions wish to know WHEN #Spotify playlists will return to #Roku?🤷
Brand: @295152 We don't have any more info right now. Rest assured, your feedback is being heard while we work with Roku on the best path forwards /AC
Customer: @SpotifyCares Thanks, but this same line has been repeated 'ad infinitum' and it's been 6+ months now... @115888 and @127972 need better @75235!😞😒😣
Brand: @295152 We understand where you're coming from. We'll make sure to let the right team know you'd like to see this again soon. Stay tuned /AC
Customer: @SpotifyCares That trio of lines has worn pretty thin now!😩This really needs to be a priority when #Roku users must pay for premium to even use the app!🤨😒
Customer: @SpotifyCares Is there no way to implement @115888 Connect with @127972, even as an interim gesture of goodwill, so #Roku users don't have to pay!?!🤷
Brand: @295152 @115888 @127972 We hear you 🎧 It's definitely something for the team to consider and we'll make sure it reaches them /AC",playlist_library_curation,playlist_library_curation,"@115887 Hey! What device, operating system, and Spotify version are you using? We'll see what we can suggest /CB",pair_855_854,"@115887 Hey! What device, operating system, and Spotify version are you using? We'll see what we can suggest /CB",@295152 You're welcome! We appreciate all the feedback. We’ll get this passed onto the right team 💚 /AC,,,,,,,,pending,,,,,
pair_848550_848549,MostFrequentBaseline,@SpotifyCares @115888 @127972 Thank you!😊Lots of #Roku users really love #Spotify but it's so frustrating that an important feature like playlists is missing atm!😔#RokuUK,"Customer: .@SpotifyCares Any update RE: lack of #Spotify playlists on @127972?🤷Lack of @181080 from @115888 on this is crazy!😳😕#Roku #RokuUK https://t.co/PWLDJNgP0K
Brand: @295152 Hey there! We have some info about the Spotify app on Roku here: https://t.co/titMn0j3Im. Give us a shout if there's anything else /AC
Customer: @SpotifyCares Thanks!😊But, that info is from March 2017: many users in #RokuUK &amp; other regions wish to know WHEN #Spotify playlists will return to #Roku?🤷
Brand: @295152 We don't have any more info right now. Rest assured, your feedback is being heard while we work with Roku on the best path forwards /AC
Customer: @SpotifyCares Thanks, but this same line has been repeated 'ad infinitum' and it's been 6+ months now... @115888 and @127972 need better @75235!😞😒😣
Brand: @295152 We understand where you're coming from. We'll make sure to let the right team know you'd like to see this again soon. Stay tuned /AC
Customer: @SpotifyCares That trio of lines has worn pretty thin now!😩This really needs to be a priority when #Roku users must pay for premium to even use the app!🤨😒
Customer: @SpotifyCares Is there no way to implement @115888 Connect with @127972, even as an interim gesture of goodwill, so #Roku users don't have to pay!?!🤷
Brand: @295152 @115888 @127972 We hear you 🎧 It's definitely something for the team to consider and we'll make sure it reaches them /AC",playlist_library_curation,other_miscellaneous,@228591 We've just sent a DM your way. Let's carry on chatting there /PK,pair_478110_478112,@228591 We've just sent a DM your way. Let's carry on chatting there /PK,@295152 You're welcome! We appreciate all the feedback. We’ll get this passed onto the right team 💚 /AC,,,,,,,,pending,,,,,
pair_859964_859963,KeywordBaseline,@SpotifyCares check dm please,,unclear_insufficient_context,unclear_insufficient_context,@1084 Hey Nick! There's currently a 10k limit in Your Music (Songs + Albums + Artists). More info here: https://t.co/59ABtm5Ftl /MO,pair_2747480_2747478,@1084 Hey Nick! There's currently a 10k limit in Your Music (Songs + Albums + Artists). More info here: https://t.co/59ABtm5Ftl /MO,@324180 Hey there! We've replied to your DM. Check your inbox /LM,,,,,,,,pending,,,,,
pair_859964_859963,MostFrequentBaseline,@SpotifyCares check dm please,,unclear_insufficient_context,other_miscellaneous,@228591 We've just sent a DM your way. Let's carry on chatting there /PK,pair_478110_478112,@228591 We've just sent a DM your way. Let's carry on chatting there /PK,@324180 Hey there! We've replied to your DM. Check your inbox /LM,,,,,,,,pending,,,,,
pair_872258_872257,KeywordBaseline,Any word on an app for Apple Watch-or-TV? I need Spotify for working out &amp; parties and don't currently have it. @115888 @SpotifyCares,,app_technical_device,app_technical_device,"@115887 Thanks. Just to be sure, are you Free or Premium? Also, can you give us more info on what happens when you try using it? /CB",pair_853_852,"@115887 Thanks. Just to be sure, are you Free or Premium? Also, can you give us more info on what happens when you try using it? /CB","@327079 1. Hey there! We don't have any news to share about Apple TV and Watch right now, but you can vote for the idea here:",,,,,,,,pending,,,,,
pair_872258_872257,MostFrequentBaseline,Any word on an app for Apple Watch-or-TV? I need Spotify for working out &amp; parties and don't currently have it. @115888 @SpotifyCares,,app_technical_device,other_miscellaneous,@228591 We've just sent a DM your way. Let's carry on chatting there /PK,pair_478110_478112,@228591 We've just sent a DM your way. Let's carry on chatting there /PK,"@327079 1. Hey there! We don't have any news to share about Apple TV and Watch right now, but you can vote for the idea here:",,,,,,,,pending,,,,,
pair_875202_875201,KeywordBaseline,On @327793 there are not available all songs :( Only 'Postcards in the Sky' song and songs from both EPs. @68312 @63190,,content_catalog_licensing,content_catalog_licensing,"@116129 1: Thanks! Looks like those albums are currently unavailable. Fingers crossed we'll be able to have them soon, but there's info about...",pair_1877_1880,"@116129 1: Thanks! Looks like those albums are currently unavailable. Fingers crossed we'll be able to have them soon, but there's info about...","@327792 Hi Madeline, help's here. Can you let us know the device/OS and Spotify version you're using? We'll see what we can suggest /NY",,,,,,,,pending,,,,,
pair_875202_875201,MostFrequentBaseline,On @327793 there are not available all songs :( Only 'Postcards in the Sky' song and songs from both EPs. @68312 @63190,,content_catalog_licensing,other_miscellaneous,@228591 We've just sent a DM your way. Let's carry on chatting there /PK,pair_478110_478112,@228591 We've just sent a DM your way. Let's carry on chatting there /PK,"@327792 Hi Madeline, help's here. Can you let us know the device/OS and Spotify version you're using? We'll see what we can suggest /NY",,,,,,,,pending,,,,,
pair_877445_877446,KeywordBaseline,@SpotifyCares  https://t.co/l2jLOMMBgU,"Customer: Anyone else's Spotify randomly connect to the webplayer and play some random playlists you've never heard before? So odd. Had it 3 times now
Brand: @328296 Hey there! What device, operating system, and Spotify version are you using? We'll see what we can suggest /NG
Customer: @SpotifyCares Happened on both Android &amp; Windows Spotify - newest versions! Only started doing this few days ago and happened around 3 times
Brand: @328296 Thanks. Just to check, are you getting any specific error messages? If so, a screenshot can be handy /NG
Customer: @SpotifyCares Nope, just stops my song, connects to webplayer and plays some random stuff. Despacito was the latest one ahaha
Brand: @328296 Got it. Can you head to your desktop app's Settings &gt; Startup and Window Behaviour and check if it's ticked or unticked? /NG",playback_streaming_issue,playback_streaming_issue,@115887 Could you send us a DM with your account's email address? We'll take a look backstage /CH https://t.co/ldFdZRiNAt,pair_849_851,@115887 Could you send us a DM with your account's email address? We'll take a look backstage /CH https://t.co/ldFdZRiNAt,"@328296 Can you try unticking the ""Allow Spotify to be opened from the web""? Does that help? /NG",,,,,,,,pending,,,,,
pair_877445_877446,MostFrequentBaseline,@SpotifyCares  https://t.co/l2jLOMMBgU,"Customer: Anyone else's Spotify randomly connect to the webplayer and play some random playlists you've never heard before? So odd. Had it 3 times now
Brand: @328296 Hey there! What device, operating system, and Spotify version are you using? We'll see what we can suggest /NG
Customer: @SpotifyCares Happened on both Android &amp; Windows Spotify - newest versions! Only started doing this few days ago and happened around 3 times
Brand: @328296 Thanks. Just to check, are you getting any specific error messages? If so, a screenshot can be handy /NG
Customer: @SpotifyCares Nope, just stops my song, connects to webplayer and plays some random stuff. Despacito was the latest one ahaha
Brand: @328296 Got it. Can you head to your desktop app's Settings &gt; Startup and Window Behaviour and check if it's ticked or unticked? /NG",playback_streaming_issue,other_miscellaneous,@228591 We've just sent a DM your way. Let's carry on chatting there /PK,pair_478110_478112,@228591 We've just sent a DM your way. Let's carry on chatting there /PK,"@328296 Can you try unticking the ""Allow Spotify to be opened from the web""? Does that help? /NG",,,,,,,,pending,,,,,
pair_886358_886357,KeywordBaseline,.@115888 really needs to make a '90s witch playlist,,playlist_library_curation,playlist_library_curation,"@115887 Hey! What device, operating system, and Spotify version are you using? We'll see what we can suggest /CB",pair_855_854,"@115887 Hey! What device, operating system, and Spotify version are you using? We'll see what we can suggest /CB",@330447 Hey there! Could you give us some examples of what you mean? We'll see what we can do /TB,,,,,,,,pending,,,,,
pair_886358_886357,MostFrequentBaseline,.@115888 really needs to make a '90s witch playlist,,playlist_library_curation,other_miscellaneous,@228591 We've just sent a DM your way. Let's carry on chatting there /PK,pair_478110_478112,@228591 We've just sent a DM your way. Let's carry on chatting there /PK,@330447 Hey there! Could you give us some examples of what you mean? We'll see what we can do /TB,,,,,,,,pending,,,,,
pair_888581_888582,KeywordBaseline,@SpotifyCares Windows 950xl phone.,"Customer: Their UI sucks but their twitter team does not. https://t.co/YqHaQdoglr
Brand: @325676 You're welcome! We don’t have any other info on this right now, but let us know if you need a hand with anything else /JX
Customer: @SpotifyCares One layer of well-considered UI menus options would make things much easier.
Brand: @325676 Just to clarify, What device are you using? We'll see what we can suggest /JX",app_technical_device,unclear_insufficient_context,@1084 Hey Nick! There's currently a 10k limit in Your Music (Songs + Albums + Artists). More info here: https://t.co/59ABtm5Ftl /MO,pair_2747480_2747478,@1084 Hey Nick! There's currently a 10k limit in Your Music (Songs + Albums + Artists). More info here: https://t.co/59ABtm5Ftl /MO,@325676 3: Thank you for your suggestions! We can’t make any promises but we've got it noted and we’ll pass your it onto the right folks /JX,,,,,,,,pending,,,,,
pair_888581_888582,MostFrequentBaseline,@SpotifyCares Windows 950xl phone.,"Customer: Their UI sucks but their twitter team does not. https://t.co/YqHaQdoglr
Brand: @325676 You're welcome! We don’t have any other info on this right now, but let us know if you need a hand with anything else /JX
Customer: @SpotifyCares One layer of well-considered UI menus options would make things much easier.
Brand: @325676 Just to clarify, What device are you using? We'll see what we can suggest /JX",app_technical_device,other_miscellaneous,@228591 We've just sent a DM your way. Let's carry on chatting there /PK,pair_478110_478112,@228591 We've just sent a DM your way. Let's carry on chatting there /PK,@325676 3: Thank you for your suggestions! We can’t make any promises but we've got it noted and we’ll pass your it onto the right folks /JX,,,,,,,,pending,,,,,
pair_926727_926726,KeywordBaseline,@127637 c'est très urgent svp,,unclear_insufficient_context,unclear_insufficient_context,@1084 Hey Nick! There's currently a 10k limit in Your Music (Songs + Albums + Artists). More info here: https://t.co/59ABtm5Ftl /MO,pair_2747480_2747478,@1084 Hey Nick! There's currently a 10k limit in Your Music (Songs + Albums + Artists). More info here: https://t.co/59ABtm5Ftl /MO,@339895 @127637 Hi! We've just sent a DM your way. Let's carry on chatting there /QI,,,,,,,,pending,,,,,
pair_926727_926726,MostFrequentBaseline,@127637 c'est très urgent svp,,unclear_insufficient_context,other_miscellaneous,@228591 We've just sent a DM your way. Let's carry on chatting there /PK,pair_478110_478112,@228591 We've just sent a DM your way. Let's carry on chatting there /PK,@339895 @127637 Hi! We've just sent a DM your way. Let's carry on chatting there /QI,,,,,,,,pending,,,,,
pair_929989_929987,KeywordBaseline,"@SpotifyCares Either my mobile (android) or desktop (windows 10). It doesnt respond when i click them, if i try shuffle i get ""this song is not available""","Customer: Hi @115888 for some reason my account wont play Kesha tracks. Ive tried downloading it and it still doesnt work?
Brand: @340652 Hey there! Can you let us know the device/OS you’re using? Also, are you receiving any error messages? Keep us posted /TB",playback_streaming_issue,content_catalog_licensing,"@116129 1: Thanks! Looks like those albums are currently unavailable. Fingers crossed we'll be able to have them soon, but there's info about...",pair_1877_1880,"@116129 1: Thanks! Looks like those albums are currently unavailable. Fingers crossed we'll be able to have them soon, but there's info about...","@340652 Got it, thanks for the info. Does logging out &gt; restarting the device &gt; logging back in help? Keep us posted /TB",,,,,,,,pending,,,,,
pair_929989_929987,MostFrequentBaseline,"@SpotifyCares Either my mobile (android) or desktop (windows 10). It doesnt respond when i click them, if i try shuffle i get ""this song is not available""","Customer: Hi @115888 for some reason my account wont play Kesha tracks. Ive tried downloading it and it still doesnt work?
Brand: @340652 Hey there! Can you let us know the device/OS you’re using? Also, are you receiving any error messages? Keep us posted /TB",playback_streaming_issue,other_miscellaneous,@228591 We've just sent a DM your way. Let's carry on chatting there /PK,pair_478110_478112,@228591 We've just sent a DM your way. Let's carry on chatting there /PK,"@340652 Got it, thanks for the info. Does logging out &gt; restarting the device &gt; logging back in help? Keep us posted /TB",,,,,,,,pending,,,,,
